x,y
0,1.168122768
0.003333889,1.158807516
0.006667778,1.149492264
0.010001667,1.139245629
0.013335833,1.126204491
0.016669722,1.11875236
0.020003611,1.109437108
0.0233375,1.097327352
0.026671389,1.088012218
0.030005278,1.079628468
0.033339167,1.070313334
0.036673333,1.060998201
0.040007222,1.056340575
0.043341111,1.048888445
0.046675,1.042367935
0.050008889,1.030258179
0.053342778,1.028395176
0.056676667,1.02373755
0.060010833,1.019080043
0.063344722,1.013490915
0.066678611,1.008833289
0.0700125,1.005107164
0.073346389,0.998586595
0.076680278,0.996723533
0.080014167,0.993929029
0.083348333,0.986476839
0.086682222,0.984613776
0.090016111,0.982750773
0.09335,0.980887711
0.096683889,0.977161646
0.100017778,0.977161646
0.103351667,0.97343564
0.106685556,0.967846513
0.110019722,0.969709456
0.113353611,0.967846513
0.1166875,0.96598345
0.120021389,0.964120448
0.123355278,0.963188946
0.126689167,0.963188946
0.130023056,0.959462881
0.133356944,0.956668317
0.136690833,0.957599819
0.140025,0.959462881
0.143358889,0.957599819
0.146692778,0.962257445
0.150026667,0.960394323
0.153360556,0.959462881
0.156694444,0.962257445
0.160028333,0.961325884
0.163362222,0.962257445
0.166696111,0.964120448
0.17003,0.96598345
0.173364167,0.966915011
0.176698056,0.96598345
0.180031944,0.967846513
0.183365833,0.971572578
0.186699722,0.972504079
0.190033611,0.97343564
0.1933675,0.974367201
0.196701389,0.977161646
0.200035278,0.981819212
0.203369167,0.984613776
0.206703333,0.98740834
0.210037222,0.992065907
0.213371111,0.995792031
0.216705,0.997655034
0.220038889,1.003244162
0.223372778,1.003244162
0.226706667,1.007901788
0.230040556,1.013490915
0.233374444,1.015353799
0.236708333,1.021874547
0.240042222,1.026532054
0.243376111,1.028395176
0.246710278,1.033984303
0.250044167,1.041436434
0.253378056,1.044230938
0.256711944,1.049819946
0.260045833,1.055409074
0.263379722,1.061929703
0.266713611,1.06751883
0.2700475,1.073107958
0.273381389,1.078697085
0.276715278,1.085217714
0.280049167,1.092669845
0.283383056,1.098258853
0.286717222,1.106642604
0.290051111,1.114094853
0.293385,1.117820859
0.296718889,1.126204491
0.300052778,1.133656621
0.303386667,1.140177131
0.306720556,1.145766258
0.310054444,1.15414989
0.313388333,1.165328145
0.316722222,1.170917153
0.320056111,1.180232525
0.32339,1.184890032
0.326723889,1.196068287
0.330057778,1.204451919
0.333391667,1.212835431
0.336725833,1.222150564
0.340059722,1.230534434
0.343393611,1.237986565
0.3467275,1.247301698
0.350061389,1.258479953
0.353395278,1.265000582
0.356729167,1.273384094
0.360063056,1.280836344
0.363396944,1.29201448
0.366730833,1.305055737
0.370064722,1.307850361
0.373398611,1.318096995
0.3767325,1.331138253
0.380066389,1.340453506
0.383400278,1.349768639
0.386734167,1.357220769
0.390068056,1.368399024
0.393401944,1.377714157
0.396735833,1.38702929
0.40007,1.392618299
0.403403889,1.405659556
0.406737778,1.417769313
0.410071667,1.428016067
0.413405556,1.439194202
0.416739444,1.446646452
0.420073333,1.455961585
0.423407222,1.46620822
0.426741111,1.476454973
0.430075,1.483906984
0.433408889,1.494153857
0.436742778,1.508126497
0.440076667,1.518373251
0.443410556,1.527688503
0.446744444,1.536072135
0.450078333,1.546318769
0.453412222,1.556565404
0.456746111,1.56867516
0.46008,1.576127291
0.463413889,1.589168549
0.466747778,1.598483682
0.470081667,1.610593319
0.473415556,1.61990881
0.476749444,1.629223943
0.480083333,1.636675954
0.483417222,1.652511716
0.486751111,1.660895348
0.490085,1.671141982
0.493418889,1.680457115
0.496752778,1.69163537
0.500086667,1.699087739
0.503420556,1.710265636
0.506754444,1.718649507
0.510088333,1.727033138
0.513422222,1.740074277
0.516756111,1.748458028
0.52009,1.761499166
0.523423889,1.77174592
0.526757778,1.780129552
0.530091667,1.789444923
0.533425556,1.801554441
0.536759722,1.811801195
0.540093611,1.819253445
0.5434275,1.829500079
0.546761389,1.842541218
0.550095278,1.85092485
0.553429167,1.863034606
0.556763056,1.872349739
0.560096944,1.881664872
0.563430833,1.891911745
0.566764722,1.903089881
0.570098611,1.913336635
0.5734325,1.928240895
0.576766389,1.937556148
0.580100278,1.944076657
0.583434167,1.95339179
0.586768056,1.967364669
0.590101944,1.972953677
0.593435833,1.984131813
0.596769722,1.99624157
0.600103611,2.009282827
0.6034375,2.01859808
0.606771389,2.027913332
0.610105278,2.039091349
0.613439167,2.052132607
0.616773056,2.057721853
0.620106944,2.073557615
0.623440833,2.081941128
0.626774722,2.09125638
0.630108611,2.102434635
0.6334425,2.114544392
0.636776389,2.122927904
0.640110278,2.133174658
0.643444167,2.144352913
0.646778056,2.151804924
0.650111944,2.165777683
0.653445833,2.175092936
0.656779722,2.184407949
0.660113611,2.19372344
0.6634475,2.20676446
0.666781389,2.212353706
0.670115,2.242162228
0.673448889,2.253340483
0.676782778,2.268244505
0.680116667,2.273833752
0.683450556,2.284080505
0.686784444,2.298053265
0.690118333,2.306437016
0.693452222,2.315752029
0.696786111,2.325998783
0.70012,2.339971542
0.703453889,2.346492052
0.706787778,2.357670307
0.710121667,2.367917061
0.713455556,2.378163815
0.716789444,2.389341831
0.720123333,2.396794081
0.723457222,2.406109333
0.726791111,2.419150352
0.730125,2.423807859
0.733458889,2.438712597
0.736792778,2.448959112
0.740126667,2.458274126
0.743460556,2.468520641
0.746794444,2.477836132
0.750128333,2.487151384
0.753462222,2.498329401
0.756796111,2.508576155
0.76013,2.515096664
0.763463889,2.525343418
0.766797778,2.537453175
0.770131667,2.545836926
0.773465556,2.556083679
0.776799444,2.565398693
0.780133333,2.574713945
0.783467222,2.585891962
0.786801111,2.596138716
0.790135,2.603590965
0.793468889,2.614768982
0.796802778,2.623152733
0.800136667,2.635262489
0.803470556,2.64364624
0.806804444,2.657618999
0.810138333,2.664139509
0.813472222,2.676249266
0.816806111,2.683701277
0.82014,2.693948269
0.823473889,2.700468779
0.826807778,2.713509798
0.830141667,2.722825289
0.833475556,2.733071804
0.836809444,2.741455555
0.840143333,2.752633572
0.843476944,2.765675068
0.846810833,2.772195578
0.850144722,2.785236597
0.853478611,2.792688847
0.8568125,2.802004099
0.860146389,2.815976858
0.863480278,2.824360609
0.866814167,2.832744122
0.870148056,2.846716881
0.873481944,2.853237391
0.876815833,2.864415884
0.880149722,2.872799635
0.883483611,2.88304615
0.8868175,2.892361164
0.890151389,2.902607679
0.893485278,2.912854433
0.896819167,2.920306683
0.900153056,2.93427968
0.903486944,2.94080019
0.906820833,2.951978445
0.910154722,2.9631567
0.913488611,2.971540213
0.9168225,2.983649969
0.920156389,2.992964983
0.923490278,3.000417471
0.926824167,3.014389992
0.930157778,3.022773743
0.933491667,3.030225992
0.936825556,3.04326725
0.940159444,3.053514004
0.943493333,3.061897516
0.946827222,3.07214427
0.950161111,3.083322048
0.953495,3.093568802
0.956828889,3.103815556
0.960162778,3.113130808
0.963496667,3.121514559
0.966830556,3.131761312
0.970164444,3.140144825
0.973498333,3.15132308
0.976832222,3.160638094
0.980166111,3.17274785
0.9835,3.182063103
0.986833889,3.190446854
0.990167778,3.197898865
0.993501667,3.21000886
0.996835278,3.213734865
1.000169167,3.226775885
1.003503056,3.235159636
1.006836944,3.247269392
1.010170833,3.255652905
1.013504722,3.263105154
1.016838611,3.268694401
1.0201725,3.28266716
1.023506389,3.291982174
1.026840278,3.300365686
1.030174167,3.311543941
1.033508056,3.318996191
1.036841944,3.327379942
1.040175833,3.337626696
1.043509722,3.34694171
1.046843611,3.356256962
1.0501775,3.365571976
1.053511389,3.375818968
1.056845278,3.383270741
1.060179167,3.395380497
1.063513056,3.403764248
1.066846944,3.4130795
1.070180556,3.423326254
1.073514444,3.43543601
1.076848333,3.44195652
1.080182222,3.447545767
1.083516111,3.457792521
1.08685,3.467107296
1.090183889,3.479217052
1.093517778,3.491326809
1.096851667,3.498779058
1.100185556,3.506231308
1.103519444,3.518341064
1.106853333,3.527656078
1.110187222,3.536971331
1.113521111,3.547217846
1.116855,3.5574646
1.120188889,3.565848351
1.123522778,3.576094866
1.126856667,3.582615376
1.130190278,3.592862129
1.133524167,3.600314379
1.136858056,3.610561132
1.140191944,3.620807886
1.143525833,3.629191399
1.146859722,3.639438152
1.150193611,3.648753405
1.1535275,3.657137156
1.156861389,3.667383671
1.160195278,3.678561926
1.163529167,3.687877178
1.166863056,3.698123693
1.170196944,3.705575943
1.173530833,3.713959455
1.176864722,3.727000952
1.180198611,3.733521461
1.1835325,3.744699478
1.186866111,3.753083229
1.1902,3.764261484
1.193533889,3.773576498
1.196867778,3.782891989
1.200201667,3.791275501
1.203535556,3.804316759
1.206869444,3.809905767
1.210203333,3.824810028
1.213537222,3.831330776
1.216871111,3.839714289
1.220205,3.847166538
1.223538889,3.860207558
1.226872778,3.868591309
1.230206667,3.878837824
1.233540278,3.888153315
1.236874167,3.897468805
1.240208056,3.905852318
1.243541944,3.915167093
1.246875833,3.924482584
1.250209722,3.934729338
1.253543611,3.946839094
1.2568775,3.955222607
1.260211389,3.962674618
1.263545278,3.97198987
1.266879167,3.985962629
1.270213056,3.99434638
1.273546944,4.001798153
1.276880833,4.010181904
1.280214444,4.020428658
1.283548333,4.029744148
1.286882222,4.037196159
1.290216111,4.046511173
1.29355,4.054894924
1.296883889,4.065141678
1.300217778,4.073524952
1.303551667,4.083771706
1.306885556,4.095881462
1.310219444,4.10240221
1.313553333,4.109854221
1.316887222,4.118237972
1.320221111,4.129416466
1.323554722,4.13873148
1.326888611,4.146183491
1.3302225,4.158293247
1.333556389,4.165745735
1.336890278,4.177855492
1.340224167,4.187170506
1.343558056,4.19555378
1.346891944,4.20580101
1.350225833,4.215116024
1.353559722,4.221636295
1.356893611,4.232814789
1.3602275,4.239335537
1.363561111,4.251445293
1.366895,4.26075983
1.370228889,4.266349316
1.373562778,4.279390335
1.376896667,4.286842823
1.380230556,4.302678585
1.383564444,4.307335854
1.386898333,4.316651344
1.390232222,4.326898098
1.393566111,4.335281849
1.3969,4.3436656
1.400233889,4.352980614
1.4035675,4.359501362
1.406901389,4.369747639
1.410235278,4.379994392
1.413569167,4.392104149
1.416903056,4.402350903
1.420236944,4.412597179
1.423570833,4.418186665
1.426904722,4.424707413
1.430238611,4.436816692
1.4335725,4.44426918
1.436906389,4.451721191
1.44024,4.464762688
1.443573889,4.473146439
1.446907778,4.48059845
1.450241667,4.489913464
1.453575556,4.499228477
1.456909444,4.510406971
1.460243333,4.518790245
1.463577222,4.527174473
1.466911111,4.535557747
1.470245,4.54673624
1.473578611,4.553256989
1.4769125,4.562571526
1.480246389,4.573750019
1.483580278,4.58213377
1.486914167,4.590517521
1.490248056,4.599832058
1.493581944,4.605421543
1.496915833,4.617531776
1.500249722,4.625915051
1.503583611,4.631504059
1.5069175,4.643614292
1.510251111,4.655723572
1.513585,4.6594491
1.516918889,4.665970802
1.520252778,4.678080082
1.523586667,4.687395096
1.526920556,4.693915844
1.530254444,4.706956863
1.533588333,4.715340614
1.536922222,4.726519108
1.540256111,4.734902382
1.54359,4.74142313
1.546923611,4.751669884
1.5502575,4.760984898
1.553591389,4.769369125
1.556925278,4.778683662
1.560259167,4.787999153
1.563593056,4.796382427
1.566926944,4.806629181
1.570260833,4.815013409
1.573594722,4.824328423
1.576928611,4.832712173
1.580262222,4.845753193
1.583596111,4.853205681
1.58693,4.8662467
1.590263889,4.870904446
1.593597778,4.881151199
1.596931667,4.889534473
1.600265556,4.898849964
1.603599444,4.909095764
1.606933333,4.918411732
1.610267222,4.925863743
1.613600833,4.938905239
1.616934722,4.94542551
1.620268611,4.953809261
1.6236025,4.965918541
1.626936389,4.971508026
1.630270278,4.980823517
1.633604167,4.992932796
1.636938056,4.999453068
1.640271944,5.009700298
1.643605556,5.017152309
1.646939444,5.028330326
1.650273333,5.03857708
1.653607222,5.046029568
1.656941111,5.054412842
1.660275,5.066523075
1.663608889,5.072111607
1.666942778,5.0832901
1.670276667,5.090742588
1.673610556,5.098194122
1.676944167,5.110303879
1.680278056,5.11868763
1.683611944,5.125208378
1.686945833,5.131729126
1.690279722,5.143838882
1.693613611,5.154085159
1.6969475,5.164331913
1.700281389,5.171783924
1.703615278,5.182030678
1.706948889,5.192277431
1.710282778,5.200661182
1.713616667,5.209976673
1.716950556,5.215565681
1.720284444,5.227675438
1.723618333,5.239785194
1.726952222,5.244442463
1.730286111,5.252826214
1.73362,5.266798973
1.736953611,5.275182247
1.7402875,5.278908253
1.743621389,5.289155483
1.746955278,5.295675755
1.750289167,5.310580254
1.753623056,5.318032742
1.756956944,5.328279018
1.760290833,5.338525772
1.763624722,5.34597826
1.766958333,5.352498531
1.770292222,5.362745285
1.773626111,5.372060299
1.77696,5.381375313
1.780293889,5.391622066
1.783627778,5.400005817
1.786961667,5.408390045
1.790295556,5.414910316
1.793629444,5.42515707
1.796963056,5.433540344
1.800296944,5.444718838
1.803630833,5.454033852
1.806964722,5.462417603
1.810298611,5.472664356
1.8136325,5.485705853
1.816966389,5.489431858
1.820300278,5.501541615
1.823633889,5.508061886
1.826967778,5.520171642
1.830301667,5.52669239
1.833635556,5.536007404
1.836969444,5.546253681
1.840303333,5.554637432
1.843637222,5.56208992
1.846971111,5.572336674
1.850304722,5.580720425
1.853638611,5.590035439
1.8569725,5.600282669
1.860306389,5.611460209
1.863640278,5.617981434
1.866974167,5.626364708
1.870308056,5.641269207
1.873641944,5.646857738
1.876975556,5.656173229
1.880309444,5.667351246
1.883643333,5.673871517
1.886977222,5.681324005
1.890311111,5.691570759
1.893645,5.701817036
1.896978889,5.707406998
1.900312778,5.717653275
1.903646389,5.728831768
1.906980278,5.739077568
1.910314167,5.747461796
1.913648056,5.758640289
1.916981944,5.7660923
1.920315833,5.775407314
1.923649722,5.784722328
1.926983611,5.794038296
1.930317222,5.803352833
1.933651111,5.810805321
1.936985,5.820120335
1.940318889,5.827572346
1.943652778,5.838750839
1.946986667,5.848065853
1.950320556,5.859244347
1.953654167,5.866695881
1.956988056,5.876011372
1.960321944,5.886258125
1.963655833,5.892778873
1.966989722,5.902093887
1.970323611,5.908614635
1.9736575,5.921656132
1.976991389,5.927244663
1.980325,5.938423157
1.983658889,5.945875645
1.986992778,5.955190182
1.990326667,5.968231678
1.993660556,5.975683689
1.996994444,5.981272697
2.000328333,5.991519451
2.003662222,5.999903202
2.006995833,6.00735569
2.010329722,6.016670704
2.013663611,6.025985241
2.0169975,6.035300255
2.020331389,6.047410488
2.023665278,6.055794239
2.026999167,6.063245773
2.030332778,6.075356007
2.033666667,6.081876755
2.037000556,6.093054771
2.040334444,6.09957552
2.043668333,6.109822273
2.047002222,6.120069027
2.050336111,6.126589775
2.053669722,6.137767792
2.057003611,6.14428854
2.0603375,6.157329559
2.063671389,6.162918091
2.067005278,6.174096584
2.070339167,6.17875433
2.073673056,6.190863609
2.077006667,6.202973843
2.080340556,6.213220596
2.083674444,6.221604347
2.087008333,6.233714104
2.090342222,6.240234375
2.093676111,6.247686863
2.09701,6.260727882
2.100343611,6.268179893
2.1036775,6.270974636
2.107011389,6.282152653
2.110345278,6.293331146
2.113679167,6.299851894
2.117013056,6.311030388
2.120346944,6.317550659
2.123680556,6.326865673
2.127014444,6.338044167
2.130348333,6.345495701
2.133682222,6.352948189
2.137016111,6.366920948
2.14035,6.375304699
2.143683889,6.381825447
2.1470175,6.391140461
2.150351389,6.398592472
2.153685278,6.40418148
2.157019167,6.414428234
2.160353056,6.42746973
2.163686944,6.433990002
2.167020833,6.44144249
2.170354444,6.452620506
2.173688333,6.462866783
2.177022222,6.469387531
2.180356111,6.476840019
2.18369,6.487086296
2.187023889,6.49733305
2.190357778,6.50664854
2.193691389,6.515031815
2.197025278,6.525279045
2.200359167,6.530868053
2.203693056,6.541114807
2.207026944,6.552292347
2.210360833,6.560676575
2.213694444,6.569991589
2.217028333,6.5774436
2.220362222,6.587690353
2.223696111,6.598868847
2.22703,6.604457855
2.230363889,6.614704132
2.2336975,6.625882626
2.237031389,6.634266376
2.240365278,6.645444393
2.243699167,6.653828144
2.247033056,6.663143158
2.250366944,6.671526909
2.253700833,6.680841923
2.257034444,6.689226151
2.260368333,6.698541164
2.263702222,6.707856178
2.267036111,6.717171192
2.27037,6.725554943
2.273703889,6.733938694
2.2770375,6.744185448
2.280371389,6.751637936
2.283705278,6.761884212
2.287039167,6.769336224
2.290373056,6.777719975
2.293706944,6.789829731
2.297040833,6.795418739
2.300374444,6.80473423
2.303708333,6.814049244
2.307042222,6.821501255
2.310376111,6.828953743
2.31371,6.841994762
2.317043889,6.848515034
2.320377778,6.855035782
2.323711389,6.864351273
2.327045278,6.870872021
2.330379167,6.88391304
2.333713056,6.892296791
2.337046944,6.901611805
2.340380833,6.909064293
2.343714444,6.920242786
2.347048333,6.925831318
2.350382222,6.936078072
2.353716111,6.943530083
2.35705,6.955639362
2.360383889,6.96309185
2.363717778,6.972406864
2.367051389,6.980790615
2.370385278,6.989174843
2.373719167,6.997558117
2.377053056,7.009667873
2.380386944,7.019914627
2.383720833,7.028297901
2.387054444,7.035750389
2.390388333,7.045996666
2.393722222,7.056243896
2.397056111,7.062764168
2.40039,7.072079659
2.403723889,7.086051941
2.407057778,7.092573166
2.410391389,7.10095644
2.413725278,7.109340668
2.417059167,7.119586945
2.420393056,7.127970219
2.423726944,7.137286186
2.427060833,7.14473772
2.430394444,7.153121471
2.433728333,7.15871048
2.437062222,7.170820713
2.440396111,7.180135727
2.44373,7.188519478
2.447063889,7.198765755
2.4503975,7.207149506
2.453731389,7.219259262
2.457065278,7.229506016
2.460399167,7.239752293
2.463733056,7.246273518
2.467066944,7.256520271
2.470400556,7.262108803
2.473734444,7.275149822
2.477068333,7.28260231
2.480402222,7.291917801
2.483736111,7.303095818
2.48707,7.311479568
2.490403611,7.314274311
2.4937375,7.327315331
2.497071389,7.337561607
2.500405278,7.345945358
2.503739167,7.356192589
2.507073056,7.365507126
2.510406944,7.373891354
2.513740556,7.378548145
2.517074444,7.391590118
2.520408333,7.398110867
2.523742222,7.407425404
2.527076111,7.413946152
2.53041,7.423261166
2.533743611,7.432576656
2.5370775,7.446549892
2.540411389,7.450275898
2.543745278,7.460522175
2.547079167,7.468905449
2.550413056,7.477289677
2.553746667,7.48846817
2.557080556,7.494988918
2.560414444,7.508029938
2.563748333,7.516413212
2.567082222,7.5238657
2.570416111,7.536907196
2.57375,7.540632725
2.577083611,7.551810741
2.5804175,7.563920498
2.583751389,7.569509983
2.587085278,7.580688
2.590419167,7.587208748
2.593753056,7.597455502
2.597086667,7.604907513
2.600420556,7.616085529
2.603754444,7.62446928
2.607088333,7.631921768
2.610422222,7.641236305
2.613756111,7.653346539
2.617089722,7.664524555
2.620423611,7.671044827
2.6237575,7.678496838
2.627091389,7.688744068
2.630425278,7.693401814
2.633759167,7.702716351
2.637092778,7.712963581
2.640426667,7.722279072
2.643760556,7.732525349
2.647094444,7.743703365
2.650428333,7.751155376
2.653762222,7.76140213
2.657095833,7.773511887
2.660429722,7.777238369
2.663763611,7.787485123
2.6670975,7.799594402
2.670431389,7.807046413
2.673765278,7.816361904
2.677098889,7.825677395
2.680432778,7.832198143
2.683766667,7.84244442
2.687100556,7.855485439
2.690434444,7.862937927
2.693768333,7.870389938
2.697101944,7.877842426
2.700435833,7.891814709
2.703769722,7.89926672
2.707103611,7.907650471
2.7104375,7.918828964
2.713771389,7.926280975
2.717105,7.936527252
2.720438889,7.94397974
2.723772778,7.954226017
2.727106667,7.963541985
2.730440556,7.973788261
2.733774444,7.983103275
2.737108056,7.990555763
2.740441944,7.998939037
2.743775833,8.007323265
2.747109722,8.016637802
2.750443611,8.024089813
2.7537775,8.035268784
2.757111111,8.041789055
2.760445,8.050172806
2.763778889,8.065076828
2.767112778,8.071597099
2.770446667,8.08277607
2.773780556,8.091159821
2.777114167,8.099543571
2.780448056,8.105132103
2.783781944,8.114447594
2.787115833,8.124693871
2.790449722,8.134941101
2.793783611,8.145187378
2.797117222,8.154502869
2.800451111,8.16195488
2.803785,8.173132896
2.807118889,8.184310913
2.810452778,8.189900398
2.813786389,8.202941895
2.817120278,8.213188171
2.820454167,8.216914177
2.823788056,8.228092194
2.827121944,8.239271164
2.830455833,8.247654915
2.833789444,8.253243446
2.837123333,8.263490677
2.840457222,8.273736954
2.843791111,8.28584671
2.847125,8.292366982
2.850458889,8.301682472
2.8537925,8.311928749
2.857126389,8.32124424
2.860460278,8.329627991
2.863794167,8.340806007
2.867128056,8.351053238
2.870461944,8.359436989
2.873795556,8.367819786
2.877129444,8.379930496
2.880463333,8.387382507
2.883797222,8.397628784
2.887131111,8.405080795
2.890464722,8.417190552
2.893798611,8.426505089
2.8971325,8.433026314
2.900466389,8.442341805
2.903800278,8.451656342
2.907134167,8.464697838
2.910467778,8.469355583
2.913801667,8.48146534
2.917135556,8.492642403
2.920469444,8.499163628
2.923803333,8.509410858
2.927137222,8.517793655
2.930470833,8.528040886
2.933804722,8.539219856
2.937138611,8.548534393
2.9404725,8.556918144
2.943806389,8.565301895
2.94714,8.576479912
2.950473889,8.585794449
2.953807778,8.594179153
2.957141667,8.609084129
2.960475556,8.615604401
2.963809444,8.621192932
2.967143056,8.633302689
2.970476944,8.642618179
2.973810833,8.652864456
2.977144722,8.663110733
2.980478611,8.67335701
2.983812222,8.680809975
2.987146111,8.690125465
2.99048,8.699440956
2.993813889,8.708755493
2.997147778,8.719002724
3.000481667,8.726454735
3.003815278,8.732975006
3.007149167,8.744153023
3.010483056,8.754400253
3.013816944,8.761852264
3.017150833,8.773030281
3.020484444,8.782344818
3.023818333,8.792591095
3.027152222,8.80004406
3.030486111,8.81029129
3.03382,8.818674088
3.037153889,8.829853058
3.0404875,8.839168549
3.043821389,8.847551346
3.047155278,8.858729362
3.050489167,8.864319801
3.053823056,8.874566078
3.057156667,8.884812355
3.060490556,8.894127846
3.063824444,8.897853851
3.067158333,8.909963608
3.070492222,8.92300415
3.073826111,8.933251381
3.077159722,8.940702438
3.080493611,8.950018883
3.0838275,8.958402634
3.087161389,8.97051239
3.090495278,8.978895187
3.093828889,8.987279892
3.097162778,8.995662689
3.100496667,9.008704185
3.103830556,9.017087936
3.107164444,9.027334213
3.110498333,9.036649704
3.113831944,9.045033455
3.117165833,9.055279732
3.120499722,9.065526962
3.123833611,9.074841499
3.1271675,9.080430984
3.130501111,9.087882996
3.133835,9.100924492
3.137168889,9.108376503
3.140502778,9.115829468
3.143836667,9.127006531
3.147170556,9.134458542
3.150504167,9.145637512
3.153838056,9.154952049
3.157171944,9.16240406
3.160505833,9.170788765
3.163839722,9.180104256
3.167173333,9.191281319
3.170507222,9.19593811
3.173841111,9.20804882
3.177175,9.219226837
3.180508889,9.228541374
3.183842778,9.248104095
3.187176389,9.25462532
3.190510278,9.257418633
3.193844167,9.274186134
3.197178056,9.289090157
3.200511944,9.295611382
3.203845556,9.304926872
3.207179444,9.314241409
3.210513333,9.325419426
3.213847222,9.333803177
3.217181111,9.344049454
3.220514722,9.352434158
3.223848611,9.364543915
3.2271825,9.373859406
3.230516389,9.385036469
3.233850278,9.391557693
3.237184167,9.40273571
3.240517778,9.411119461
3.243851667,9.424160957
3.247185556,9.430681229
3.250519444,9.440927505
3.253853333,9.450242996
3.257186944,9.461421967
3.260520833,9.471668243
3.263854722,9.48470974
3.267188611,9.490299225
3.2705225,9.500545502
3.273856111,9.509860992
3.27719,9.519175529
3.280523889,9.52755928
3.283857778,9.543395042
3.287191667,9.548984528
3.290525556,9.560162544
3.293859167,9.567614555
3.297193056,9.578792572
3.300526944,9.589039803
3.303860833,9.599285126
3.307194722,9.605806351
3.310528333,9.614190102
3.313862222,9.624437332
3.317196111,9.636547089
3.32053,9.644929886
3.323863889,9.656108856
3.3271975,9.667285919
3.330531389,9.67660141
3.333865278,9.684054375
3.337199167,9.698958397
3.340533056,9.704547882
3.343866944,9.714794159
3.347200556,9.72317791
3.350534444,9.732493401
3.353868333,9.745534897
3.357202222,9.754850388
3.360536111,9.765095711
3.363869722,9.776274681
3.367203611,9.784657478
3.3705375,9.794904709
3.373871389,9.803289413
3.377205278,9.816329956
3.380538889,9.822850227
3.383872778,9.834028244
3.387206667,9.843343735
3.390540556,9.854520798
3.393874444,9.865700722
3.397208056,9.875946045
3.400541944,9.880605698
3.403875833,9.894577026
3.407209722,9.904823303
3.410543611,9.912275314
3.413877222,9.921589851
3.417211111,9.930906296
3.420545,9.940221786
3.423878889,9.952331543
3.427212778,9.965372086
3.430546389,9.970028877
3.433880278,9.984933853
3.437214167,9.992385864
3.440548056,10.00263309
3.443881944,10.01381111
3.447215556,10.0231266
3.450549444,10.03057861
3.453883333,10.04175663
3.457217222,10.05107212
3.460551111,10.06318188
3.463885,10.07063389
3.467218611,10.08460712
3.4705525,10.09578419
3.473886389,10.10509968
3.477220278,10.11720943
3.480554167,10.12186623
3.483887778,10.13304615
3.487221667,10.13863373
3.490555556,10.14701843
3.493889444,10.15912819
3.497223333,10.17030525
3.500556944,10.17682743
3.503890833,10.18893719
3.507224722,10.19545746
3.510558611,10.20942974
3.5138925,10.21874428
3.517226111,10.22899151
3.52056,10.23644447
3.523893889,10.25041676
3.527227778,10.25973129
3.530561667,10.26904678
3.533895278,10.27836227
3.537229167,10.28767776
3.540563056,10.30165005
3.543896944,10.31282806
3.547230833,10.3221426
3.550564444,10.33145809
3.553898333,10.3398428
3.557232222,10.35008907
3.560566111,10.35754108
3.5639,10.36033535
3.567233611,10.37524033
3.5705675,10.40318584
3.573901389,10.42274666
3.577235278,10.43858242
3.580569167,10.45069313
3.583903056,10.46187115
3.587236667,10.47118664
3.590570556,10.47957039
3.593904444,10.48888493
3.597238333,10.50285721
3.600572222,10.51124191
3.603905833,10.52335167
3.607239722,10.53639221
3.610573611,10.54384422
3.6139075,10.55781651
3.617241389,10.56247425
3.620575,10.57365322
3.623908889,10.5838995
3.627242778,10.59694004
3.630576667,10.60532475
3.633910556,10.61650372
3.637244167,10.62768078
3.640578056,10.63979053
3.643911944,10.65096951
3.647245833,10.66028404
3.650579722,10.66959953
3.653913333,10.67891502
3.657247222,10.69009209
3.660581111,10.70220184
3.663915,10.70965385
3.667248889,10.72083378
3.6705825,10.73294353
3.673916389,10.74318886
3.677250278,10.75809288
3.680584167,10.76740837
3.683918056,10.77951813
3.687251667,10.78790283
3.690585556,10.79814911
3.693919444,10.80932713
3.697253333,10.81864166
3.700587222,10.83075237
3.703920833,10.83913612
3.707254722,10.84658813
3.710588611,10.8624239
3.7139225,10.87173939
3.717256389,10.88384819
3.72059,10.88943768
3.723923889,10.899683
3.727257778,10.91272545
3.730591667,10.92762947
3.733925556,10.93694496
3.737259167,10.94626045
3.740593056,10.95371246
3.743926944,10.96768475
3.747260833,10.97793198
3.750594722,10.99097347
3.753928333,10.99842453
3.757262222,11.00867176
3.760596111,11.02078152
3.76393,11.03102779
3.767263889,11.04220581
3.770597778,11.05152035
3.773931389,11.05990505
3.777265278,11.07387733
3.780599167,11.08319283
3.783933056,11.0980978
3.787266667,11.10368729
3.790600556,11.11672783
3.793934444,11.12511158
3.797268333,11.1362896
3.800602222,11.14653683
3.803935833,11.15585136
3.807269722,11.16516685
3.810603611,11.18007088
3.8139375,11.18845558
3.817271389,11.2033577
3.820605,11.21453762
3.823938889,11.22385216
3.827272778,11.23596287
3.830606667,11.24341488
3.833940556,11.25366116
3.837274444,11.26949692
3.840608056,11.28067398
3.843941944,11.28905869
3.847275833,11.30303097
3.850609722,11.31327724
3.853943611,11.32352543
3.857277222,11.33377075
3.860611111,11.34867477
3.863945,11.35426521
3.867278889,11.36544323
3.870612778,11.37755203
3.873946389,11.38780022
3.877280278,11.4017725
3.880614167,11.41108704
3.883948056,11.42412853
3.887281944,11.43716908
3.890615556,11.44555283
3.893949444,11.4604578
3.897283333,11.46884155
3.900617222,11.47908783
3.903950833,11.49119854
3.907284722,11.49678707
3.910618611,11.51262283
3.9139525,11.52193737
3.917286389,11.5321846
3.920620278,11.53963757
3.923953889,11.55174637
3.927287778,11.56292439
3.930621667,11.57503414
3.933955556,11.58900642
3.937289444,11.59925365
3.940623056,11.60949993
3.943956944,11.62254143
3.947290833,11.63185692
3.950624722,11.64396763
3.953958333,11.64955616
3.957292222,11.66445923
3.960626111,11.6756382
3.96396,11.68588448
3.967293889,11.69799519
3.970627778,11.70730877
3.973961389,11.71755695
3.977295278,11.72780323
3.980629167,11.73991394
3.983963056,11.74922848
3.987296944,11.76320076
3.990630556,11.77624226
3.993964444,11.78276253
3.997298333,11.79580307
4.000632222,11.80698204
4.003966111,11.82095528
4.007299722,11.82933903
4.010633611,11.84051704
4.0139675,11.85169411
4.017301389,11.86194134
4.020635278,11.87032604
4.023968889,11.88709259
4.027302778,11.89827156
4.030636667,11.90944862
4.033970556,11.91876316
4.037304167,11.92621517
4.040638056,11.94112015
4.043971944,11.95323086
4.047305833,11.96533966
4.050639722,11.98024464
4.053973333,11.99235439
4.057307222,11.9998064
4.060641111,12.01377869
4.063975,12.02682114
4.067308889,12.03613567
4.0706425,12.04824543
4.073976389,12.05849075
4.077310278,12.07246494
4.080644167,12.08178043
4.083978056,12.09947777
4.087311667,12.10599899
4.090645556,12.11903954
4.093979444,12.12928677
4.097313333,12.14512253
4.100647222,12.15443802
4.103980833,12.16747856
4.107314722,12.17958927
4.110648611,12.18704128
4.1139825,12.20287704
4.117316389,12.21498585
4.12065,12.22616482
4.123983889,12.24945354
4.127317778,12.26808262
4.130651667,12.28857708
4.133985556,12.30254936
4.137319167,12.31093407
4.140653056,12.32397461
4.143986944,12.33608341
4.147320833,12.34819317
4.150654722,12.36123466
4.153988333,12.37427521
4.157322222,12.3882494
4.160656111,12.39849567
4.16399,12.41153717
4.167323889,12.42550945
4.1706575,12.43296146
4.173991389,12.44879723
4.177325278,12.4599762
4.180659167,12.47115326
4.183992778,12.48233318
4.187326667,12.49537373
4.190660556,12.50841522
4.193994444,12.51959229
4.197328333,12.531703
4.200661944,12.54567528
4.203995833,12.5605793
4.207329722,12.56803131
4.210663611,12.58293629
4.2139975,12.59690857
4.217331111,12.60901833
4.220665,12.62299061
4.223998889,12.63510132
4.227332778,12.64721107
4.230666667,12.65932083
4.234000278,12.67142963
4.237334167,12.68354034
4.240668056,12.69471741
4.244001944,12.70775986
4.247335833,12.71986866
4.250669444,12.73477364
4.254003333,12.74501991
4.257337222,12.75712967
4.260671111,12.76923943
4.264005,12.78321266
4.267338611,12.79345894
4.2706725,12.80836296
4.274006389,12.82140541
4.277340278,12.83537674
4.280673889,12.84282875
4.284007778,12.85680199
4.287341667,12.86984444
4.290675556,12.88754177
4.294009444,12.89499474
4.297343056,12.90989876
4.300676944,12.92480373
4.304010833,12.9359808
4.307344722,12.9443655
4.310678611,12.96113205
4.314012222,12.97510433
4.317346111,12.98907757
4.32068,13.00025654
4.324013889,13.01515961
4.327347778,13.02540684
4.330681389,13.04217339
4.334015278,13.05148888
4.337349167,13.06918907
4.340683056,13.08129787
4.344016944,13.09247589
4.347350556,13.10365486
4.350684444,13.11576462
4.354018333,13.12787437
4.357352222,13.1381197
4.360685833,13.15116215
4.364019722,13.16233921
4.367353611,13.17910767
4.3706875,13.18749046
4.374021389,13.20425797
4.377355,13.21729851
4.380688889,13.23034
4.384022778,13.24431324
4.387356667,13.25642204
4.390690556,13.26667023
4.394024167,13.28064251
4.397358056,13.29554749
4.400691944,13.30672455
4.404025833,13.31790352
4.407359722,13.3318758
4.410693333,13.34398651
4.414027222,13.35889053
4.417361111,13.36820507
4.420695,13.38497257
4.424028889,13.3952198
4.4273625,13.40919209
4.430696389,13.42130184
4.434030278,13.4334116
4.437364167,13.44552135
4.440697778,13.45669937
4.444031667,13.47067165
4.447365556,13.48278141
4.450699444,13.50048065
4.454033333,13.5088644
4.457366944,13.52470016
4.460700833,13.53587818
4.464034722,13.5517149
4.467368611,13.56102943
4.4707025,13.57500172
4.474036111,13.58897495
4.47737,13.60015202
4.480703889,13.61692047
4.484037778,13.62903023
4.487371389,13.64207077
4.490705278,13.65511322
4.494039167,13.66535854
4.497373056,13.68212509
4.500706944,13.69610023
4.504040556,13.71007156
4.507374444,13.71938705
4.510708333,13.73522282
4.514042222,13.74546909
4.517376111,13.75851059
4.520709722,13.77434635
4.524043611,13.78552628
4.5273775,13.80042839
4.530711389,13.8125391
4.534045278,13.82744217
4.537378889,13.83862209
4.540712778,13.85166264
4.544046667,13.8628397
4.547380556,13.87774467
4.550714167,13.88799191
4.554048056,13.90289688
4.557381944,13.91873169
4.560715833,13.93270397
4.564049722,13.94481373
4.567383333,13.95692444
4.570717222,13.96903324
4.574051111,13.98486996
4.577385,13.99697971
4.580718889,14.01002026
4.5840525,14.02399349
4.587386389,14.03610325
4.590720278,14.04914379
4.594054167,14.06404877
4.597388056,14.07615852
4.600721667,14.09106255
4.604055556,14.10596752
4.607389444,14.11714458
4.610723333,14.13018513
4.614056944,14.1450901
4.617390833,14.15533733
4.620724722,14.17024231
4.624058611,14.18607712
4.6273925,14.19632435
4.630726111,14.21402264
4.63406,14.22520161
4.637393889,14.24103642
4.640727778,14.25221539
4.644061667,14.26525593
4.647395278,14.27922916
4.650729167,14.29599667
4.654063056,14.30531216
4.657396944,14.32021618
4.660730556,14.33418846
4.664064444,14.34909344
4.667398333,14.35840797
4.670732222,14.37610626
4.674066111,14.38635349
4.677399722,14.40032578
4.680733611,14.41523075
4.6840675,14.42547798
4.687401389,14.43758774
4.690735278,14.44783401
4.694068889,14.46273708
4.697402778,14.47671127
4.700736667,14.49347878
4.704070556,14.50558853
4.707404167,14.51397133
4.710738056,14.5288763
4.714071944,14.54098606
4.717405833,14.55495834
4.720739722,14.56893063
4.724073333,14.58569717
4.727407222,14.59967136
4.730741111,14.60898685
4.734075,14.62947941
4.737408611,14.63693142
4.7407425,14.65090466
4.744076389,14.66674137
4.747410278,14.67978191
4.750744167,14.69095993
4.754077778,14.70027542
4.757411667,14.71797276
4.760745556,14.73008251
4.764079444,14.74685001
4.767413333,14.75989151
4.770746944,14.77386475
4.774080833,14.78411198
4.777414722,14.80087852
4.780748611,14.81671429
4.784082222,14.82882404
4.787416111,14.84652233
4.79075,14.85583782
4.794083889,14.87260532
4.797417778,14.88564682
4.800751389,14.89775658
4.804085278,14.91359234
4.807419167,14.93035889
4.810753056,14.94060612
4.814086944,14.95923615
4.817420556,14.96948338
4.820754444,14.98345661
4.824088333,14.99649811
4.827422222,15.01326466
4.830756111,15.02444267
4.834089722,15.04400444
4.837423611,15.05238914
4.8407575,15.06636143
4.844091389,15.08499146
4.847425,15.09616947
4.850758889,15.11293793
4.854092778,15.12411499
4.857426667,15.13901997
4.860760556,15.15299225
4.864094167,15.16975975
4.867428056,15.17721176
4.870761944,15.19397926
4.874095833,15.21074677
4.877429444,15.22285652
4.880763333,15.23869228
4.884097222,15.25639057
4.887431111,15.2666378
4.890765,15.28061008
4.894098611,15.29365253
4.8974325,15.30389786
4.900766389,15.32252884
4.904100278,15.33370686
4.907434167,15.34954166
4.910767778,15.36537838
4.914101667,15.3765564
4.917435556,15.39518642
4.920769444,15.41381741
4.924103056,15.42872143
4.927436944,15.4389677
4.930770833,15.45107841
4.934104722,15.47157192
4.937438611,15.48647594
4.940772222,15.50324345
4.944106111,15.51255894
4.94744,15.53118801
4.950773889,15.54236603
4.954107778,15.56099796
4.957441389,15.57683182
4.960775278,15.59080505
4.964109167,15.60664177
4.967443056,15.61968231
4.970776667,15.63179111
4.974110556,15.64762783
4.977444444,15.66718864
4.980778333,15.67836857
4.984112222,15.69327354
4.987445833,15.71004009
4.990779722,15.72494316
4.994113611,15.73984814
4.9974475,15.75195789
5.000781389,15.76965618
5.004115,15.78362942
5.007448889,15.79853344
5.010782778,15.81343842
5.014116667,15.83113575
5.017450278,15.84324646
5.020784167,15.86001301
5.024118056,15.87584972
5.027451944,15.89168549
5.030785833,15.90379524
5.034119444,15.92056274
5.037453333,15.93732929
5.040787222,15.95037079
5.044121111,15.96527576
5.047454722,15.98390579
5.050788611,15.99694824
5.0541225,16.00998878
5.057456389,16.03048325
5.060790278,16.04631615
5.064123889,16.0593586
5.067457778,16.07519341
5.070791667,16.08916664
5.074125556,16.10500336
5.077459167,16.12177086
5.080793056,16.13574219
5.084126944,16.1515789
5.087460833,16.16834641
5.090794722,16.18325043
5.094128333,16.19629288
5.097462222,16.21398926
5.100796111,16.2279644
5.10413,16.2447319
5.107463889,16.26242828
5.1107975,16.27547073
5.114131389,16.29596329
5.117465278,16.30434799
5.120799167,16.32297707
5.124132778,16.33601952
5.127466667,16.35278702
5.130800556,16.37141609
5.134134444,16.38259506
5.137468333,16.40308762
5.140801944,16.41985512
5.144135833,16.43569183
5.147469722,16.45152664
5.150803611,16.4720192
5.154137222,16.48599434
5.157471111,16.49903488
5.160805,16.51300621
5.164138889,16.53256989
5.167472778,16.54747391
5.170806389,16.56144524
5.174140278,16.57728195
5.177474167,16.59498024
5.180808056,16.61081696
5.184141944,16.63037872
5.187475556,16.64621353
5.190809444,16.66111946
5.194143333,16.67602348
5.197477222,16.69372177
5.200810833,16.71048927
5.204144722,16.72166824
5.207478611,16.73936653
5.2108125,16.75613213
5.214146389,16.77383232
5.21748,16.78780556
5.220813889,16.80177879
5.224147778,16.82320404
5.227481667,16.83717537
5.230815278,16.85021782
5.234149167,16.87164116
5.237483056,16.88654518
5.240816944,16.9014492
5.244150833,16.91821861
5.247484444,16.93218994
5.250818333,16.95175171
5.254152222,16.96572495
5.257486111,16.98435593
5.260819722,16.99646568
5.264153611,17.01416206
5.2674875,17.02906799
5.270821389,17.04583549
5.274155278,17.062603
5.277488889,17.07657623
5.280822778,17.09148026
5.284156667,17.10917854
5.287490556,17.12408257
5.290824444,17.14085007
5.294158056,17.15575409
5.297491944,17.17252159
5.300825833,17.18649483
5.304159722,17.20419312
5.307493333,17.22002983
5.310827222,17.23586464
5.314161111,17.25449562
5.317495,17.27405548
5.320828889,17.2889595
5.3241625,17.30572891
5.327496389,17.32529068
5.330830278,17.34205818
5.334164167,17.36068726
5.337497778,17.37279701
5.340831667,17.38770294
5.344165556,17.40353966
5.347499444,17.41937447
5.350833333,17.43521118
5.354166944,17.44825172
5.357500833,17.46315575
5.360834722,17.48458099
5.364168611,17.49948502
5.367502222,17.51997757
5.370836111,17.53767776
5.37417,17.55258179
5.377503889,17.57400703
5.380837778,17.58425331
5.384171389,17.60008812
5.387505278,17.6187191
5.390839167,17.63921356
5.394173056,17.65504837
5.397506667,17.67088509
5.400840556,17.69323921
5.404174444,17.71000671
5.407508333,17.72584343
5.410842222,17.74726677
5.414175833,17.7621727
5.417509722,17.77987099
5.420843611,17.7957077
5.4241775,17.81061172
5.427511111,17.82737923
5.430845,17.84414673
5.434178889,17.86091232
5.437512778,17.87861061
5.440846667,17.89351654
5.444180278,17.90935326
5.447514167,17.92146301
5.450848056,17.94009209
5.454181944,17.95406532
5.457515833,17.97548866
5.460849444,17.99505234
5.464183333,18.00716019
5.467517222,18.02858543
5.470851111,18.04628372
5.474184722,18.05839539
5.477518611,18.07702637
5.4808525,18.09379196
5.484186389,18.10497093
5.487520278,18.12266922
5.490853889,18.13664246
5.494187778,18.15434074
5.497521667,18.17203903
5.500855556,18.18601227
5.504189167,18.20184898
5.507523056,18.2176857
5.510856944,18.23258781
5.514190833,18.24842453
5.517524722,18.26519203
5.520858333,18.28009605
5.524192222,18.29406929
5.527526111,18.31363106
5.53086,18.3266716
5.534193611,18.3443718
5.5375275,18.35927582
5.540861389,18.37604141
5.544195278,18.39280891
5.547529167,18.40678215
5.550862778,18.42354965
5.554196667,18.44497299
5.557530556,18.45987701
5.560864444,18.47012711
5.564198056,18.48875427
5.567531944,18.51111221
5.570865833,18.52694893
5.574199722,18.54464722
5.577533611,18.56141472
5.580867222,18.57445717
5.584201111,18.59588242
5.587535,18.60892296
5.590868889,18.62382698
5.5942025,18.64338684
5.597536389,18.65736008
5.600870278,18.67599106
5.604204167,18.69368935
5.607538056,18.70952606
5.610871667,18.72536087
5.614205556,18.73933411
5.617539444,18.75889587
5.620873333,18.77659416
5.624206944,18.79336166
5.627540833,18.81013107
5.630874722,18.83341789
5.634208611,18.84552574
5.6375425,18.86322594
5.640876111,18.87999344
5.64421,18.89396667
5.647543889,18.9088707
5.650877778,18.92843056
5.654211389,18.94054222
5.657545278,18.96010399
5.660879167,18.97407722
5.664213056,18.99363899
5.667546944,19.00667953
5.670880556,19.02437782
5.674214444,19.04487038
5.677548333,19.05511856
5.680882222,19.07374763
5.684215833,19.08772278
5.687549722,19.10448837
5.690883611,19.12311745
5.6942175,19.14175034
5.697551111,19.15572166
5.700885,19.17342186
5.704218889,19.19112015
5.707552778,19.20602608
5.710886667,19.22651672
5.714220278,19.24235535
5.717554167,19.26098442
5.720888056,19.27775002
5.724221944,19.29451942
5.727555833,19.31594467
5.730889444,19.33364296
5.734223333,19.35134125
5.737557222,19.36903763
5.740891111,19.38673973
5.744224722,19.40257263
5.747558611,19.41934204
5.7508925,19.43797112
5.754226389,19.45287514
5.757560278,19.46778107
5.760893889,19.48734093
5.764227778,19.50224495
5.767561667,19.52180862
5.770895556,19.54323387
5.774229167,19.5572052
5.777563056,19.57583427
5.780896944,19.59539986
5.784230833,19.60937309
5.787564722,19.63265991
5.790898333,19.64849472
5.794232222,19.66898918
5.797566111,19.68482399
5.8009,19.70252228
5.804233611,19.72022057
5.8075675,19.74071503
5.810901389,19.75748253
5.814235278,19.7770462
5.817569167,19.7928791
5.820902778,19.81337547
5.824236667,19.83013916
5.827570556,19.85529137
5.830904444,19.87205887
5.834238056,19.8860321
5.837571944,19.90186882
5.840905833,19.92236137
5.844239722,19.93819809
5.847573333,19.94285393
5.850907222,19.9875679
5.854241111,20.01737595
5.857575,20.03973198
5.860908889,20.06115723
5.8642425,20.07606125
5.867576389,20.09469032
5.870910278,20.11518478
5.874244167,20.13381386
5.877577778,20.15058327
5.880911667,20.17014313
5.884245556,20.1906395
5.887579444,20.21019936
5.890913333,20.22510338
5.894246944,20.24559784
5.897580833,20.2577076
5.900914722,20.27913284
5.904248611,20.2996254
5.907582222,20.31825638
5.910916111,20.33688736
5.91425,20.35272217
5.917583889,20.37693977
5.920917778,20.39370918
5.924251389,20.41885948
5.927585278,20.43283272
5.930919167,20.45425797
5.934253056,20.47009468
5.937586667,20.48592949
5.940920556,20.50735474
5.944254444,20.52505302
5.947588333,20.54647827
5.950922222,20.56324577
5.954255833,20.58094215
5.957589722,20.60423279
5.960923611,20.62193108
5.9642575,20.63962936
5.967591111,20.66105461
5.970925,20.68154716
5.974258889,20.6955204
5.977592778,20.71601486
5.980926389,20.73744011
5.984260278,20.75699997
5.987594167,20.77562904
5.990928056,20.79519272
5.994261944,20.81568718
5.997595556,20.83431816
6.000929444,20.85387802
6.004263333,20.86785126
6.007597222,20.88648224
6.010930833,20.90697479
6.014264722,20.92467499
6.017598611,20.94144058
6.0209325,20.96193504
6.024266389,20.98149681
6.0276,21.00292015
6.030933889,21.01502991
6.034267778,21.04018211
6.037601667,21.05601883
6.040935278,21.0755806
6.044269167,21.09793663
6.047603056,21.11283875
6.050936944,21.13612938
6.054270556,21.15289497
6.057604444,21.17245865
6.060938333,21.1929512
6.064272222,21.21158218
6.067606111,21.23673058
6.070939722,21.24977303
6.074273611,21.26747131
6.0776075,21.28703499
6.080941389,21.31311607
6.084275,21.32522392
6.087608889,21.34664917
6.090942778,21.37180328
6.094276667,21.38856888
6.097610556,21.40813255
6.100944167,21.4286232
6.104278056,21.45004845
6.107611944,21.46774864
6.110945833,21.48731041
6.114279444,21.50873566
6.117613333,21.52643585
6.120947222,21.5469265
6.124281111,21.56462669
6.127615,21.58325577
6.130948611,21.60188675
6.1342825,21.62517548
6.137616389,21.64473724
6.140950278,21.66616249
6.144283889,21.68013382
6.147617778,21.70155907
6.150951667,21.72112083
6.154285556,21.74254608
6.157619444,21.76304054
6.160953056,21.78073692
6.164286944,21.8003006
6.167620833,21.82358742
6.170954722,21.84594536
6.174288333,21.86457443
6.177622222,21.8841362
6.180956111,21.90556145
6.18429,21.92698669
6.187623611,21.94747925
6.1909575,21.96704102
6.194291389,21.985672
6.197625278,22.00709724
6.200959167,22.03783607
6.204292778,22.05181122
6.207626667,22.07603073
6.210960556,22.09745407
6.214294444,22.12167358
6.217628056,22.13750839
6.220961944,22.15707207
6.224295833,22.18035889
6.227629722,22.20178413
6.230963611,22.21948433
6.234297222,22.24090767
6.237631111,22.2632637
6.240965,22.28282738
6.244298889,22.30238724
6.2476325,22.32567596
6.250966389,22.34616661
6.254300278,22.36852646
6.257634167,22.38995171
6.260968056,22.40671539
6.264301667,22.43186951
6.267635556,22.45422363
6.270969444,22.47471809
6.274303333,22.50266457
6.277636944,22.52129555
6.280970833,22.54085732
6.284304722,22.56041908
6.287638611,22.57997894
6.2909725,22.6014061
6.294306111,22.62748718
6.29764,22.64984131
6.300973889,22.67033768
6.304307778,22.68989944
6.307641389,22.71505165
6.310975278,22.73740578
6.314309167,22.75976372
6.317643056,22.78211975
6.320976944,22.8026123
6.324310556,22.82869339
6.327644444,22.84918785
6.330978333,22.8706131
6.334312222,22.89483261
6.337645833,22.92370987
6.340979722,22.94420242
6.344313611,22.96656036
6.3476475,22.9889164
6.350981111,23.01034164
6.354315,23.03549004
6.357648889,23.05784988
6.360982778,23.08486176
6.364316667,23.10162926
6.367650278,23.13236809
6.370984167,23.1565876
6.374318056,23.16963196
6.377651944,23.19478035
6.380985556,23.21899986
6.384319444,23.24322128
6.387653333,23.26464653
6.390987222,23.28700066
6.394320833,23.30563164
6.397654722,23.33264542
6.400988611,23.35500336
6.4043225,23.375494
6.407656389,23.39785385
6.41099,23.42393494
6.414323889,23.44535828
6.417657778,23.46771622
6.420991667,23.49193573
6.424325278,23.51522255
6.427659167,23.53758049
6.430993056,23.56552505
6.434326944,23.58322525
6.437660833,23.60558128
6.440994444,23.63259315
6.444328333,23.6549511
6.447662222,23.6801033
6.450996111,23.69966507
6.454329722,23.72481346
6.457663611,23.74437714
6.4609975,23.7723217
6.464331389,23.82169151
6.467665278,23.84405136
6.470998889,23.87292671
6.474332778,23.89342117
6.477666667,23.91670799
6.481000556,23.9409256
6.484334167,23.9660778
6.487668056,23.98750305
6.491001944,24.01638031
6.494335833,24.03687286
6.497669444,24.06016159
6.501003333,24.08903694
6.504337222,24.1095314
6.507671111,24.13747787
6.511005,24.17008018
6.514338611,24.19336891
6.5176725,24.21851921
6.521006389,24.24180794
6.524340278,24.26788902
6.527673889,24.29303932
6.531007778,24.31632805
6.534341667,24.33961678
6.537675556,24.36756325
6.541009167,24.39178085
6.544343056,24.41413689
6.547676944,24.44115257
6.551010833,24.46350861
6.554344722,24.48493385
6.557678333,24.51008415
6.561012222,24.53709793
6.564346111,24.56411362
6.56768,24.59485245
6.571013611,24.61161804
6.5743475,24.63770294
6.577681389,24.66192055
6.581015278,24.68986702
6.584348889,24.71781158
6.587682778,24.74296379
6.591016667,24.76438904
6.594350556,24.79140091
6.597684444,24.8174839
6.601018056,24.8435688
6.604351944,24.86778831
6.607685833,24.89480019
6.611019722,24.92367744
6.614353333,24.94696617
6.617687222,24.97118568
6.621021111,24.99913216
6.624355,25.02521324
6.627688889,25.05688477
6.6310225,25.12022781
6.634356389,25.15562439
6.637690278,25.17611885
6.641024167,25.20872116
6.644357778,25.23759651
6.647691667,25.25716209
6.651025556,25.28790092
6.654359444,25.31212044
6.657693056,25.34379196
6.661026944,25.36987495
6.664360833,25.39502335
6.667694722,25.42203903
6.671028611,25.45091629
6.674362222,25.48072433
6.677696111,25.50587654
6.68103,25.53475189
6.684363889,25.56176758
6.6876975,25.58971214
6.691031389,25.62045097
6.694365278,25.65305519
6.697699167,25.67913818
6.701033056,25.70801544
6.704366667,25.73875427
6.707700556,25.77322197
6.711034444,25.79837227
6.714368333,25.81607246
6.717701944,25.85053635
6.721035833,25.88314056
6.724369722,25.91015625
6.727703611,25.93996239
6.731037222,25.9725666
6.734371111,26.00423813
6.737705,26.02938843
6.741038889,26.06199265
6.744372778,26.09366417
6.747706389,26.124403
6.751040278,26.15514183
6.754374167,26.18495178
6.757708056,26.21662521
6.761041667,26.24922562
6.764375556,26.27810287
6.767709444,26.31350327
6.771043333,26.33772087
6.774376944,26.37311745
6.777710833,26.40572166
6.781044722,26.43459702
6.784378611,26.46347427
6.7877125,26.4951458
6.791046111,26.52961349
6.79438,26.56221581
6.797713889,26.59575081
6.801047778,26.63208008
6.804381389,26.66002655
6.807715278,26.69262886
6.811049167,26.72523117
6.814383056,26.75969696
6.817716667,26.79230118
6.821050556,26.83049393
6.824384444,26.86309624
6.827718333,26.89476967
6.831052222,26.93109703
6.834385833,26.96370125
6.837719722,26.99909782
6.841053611,27.03915405
6.8443875,27.07641411
6.847721111,27.11181068
6.851055,27.15093422
6.854388889,27.18353844
6.857722778,27.21800423
6.861056667,27.25992203
6.864390278,27.29532242
6.867724167,27.34003258
6.871058056,27.37450027
6.874391944,27.41176033
6.877725833,27.44436455
6.881059444,27.48441887
6.884393333,27.52540588
6.887727222,27.56639099
6.891060833,27.6083107
6.894394722,27.64929771
6.897728611,27.6921463
6.9010625,27.7349987
6.904396111,27.77505302
6.90773,27.82069588
6.911063889,27.85329819
6.914397778,27.90360069
6.917731389,27.94086075
6.921065278,27.98930168
6.924399167,28.02656364
6.927733056,28.06941223
6.931066944,28.1141243
6.934400556,28.1560421
6.937734444,28.20820618
6.941068333,28.24640083
6.944402222,28.28738594
6.947735833,28.33209991
6.951069722,28.37308693
6.954403611,28.42711449
6.9577375,28.46717072
6.961071111,28.51374626
6.964405,28.56125259
6.967738889,28.60596466
6.971072778,28.65533638
6.974406667,28.70004845
6.977740278,28.7466259
6.981074167,28.79226875
6.984408056,28.83977509
6.987741944,28.89380455
6.991075556,28.93851662
6.994409444,28.98881912
6.997743333,29.03912163
7.001077222,29.08569717
7.004410833,29.13599968
7.007744722,29.18816376
7.011078611,29.24126053
7.0144125,29.28783607
7.017746389,29.33813858
7.02108,29.38844109
7.024413889,29.43873978
7.027747778,29.49370003
7.031081667,29.54307365
7.034415278,29.59337234
7.037749167,29.64274406
7.041083056,29.69956589
7.044416944,29.75545692
7.047750833,29.8085537
7.051084444,29.86630821
7.054418333,29.92126656
7.057752222,29.97249985
7.061086111,30.02652931
7.064419722,30.08335304
7.067753611,30.13644791
7.0710875,30.19699669
7.074421389,30.25009537
7.077755,30.31157494
7.081088889,30.36839485
7.084422778,30.42242432
7.087756667,30.47552109
7.091090278,30.54351997
7.094424167,30.59754944
7.097758056,30.65530396
7.101091944,30.71585274
7.104425833,30.77640152
7.107759444,30.83508682
7.111093333,30.89842987
7.114427222,30.95804787
7.117761111,31.02232361
7.121094722,31.07635117
7.124428611,31.14062309
7.1277625,31.19651413
7.131096389,31.26172256
7.13443,31.32226944
7.137763889,31.3846817
7.141097778,31.45175171
7.144431667,31.51416397
7.147765556,31.57471275
7.151099167,31.63619041
7.154433056,31.69953537
7.157766944,31.76846695
7.161100833,31.84205818
7.164434444,31.90260696
7.167768333,31.97340202
7.171102222,32.04326248
7.174436111,32.11405945
7.177769722,32.17274475
7.181103611,32.24167633
7.1844375,32.31433487
7.187771389,32.37674713
7.191105278,32.44474792
7.194438889,32.52020264
7.197772778,32.5816803
7.201106667,32.65433884
7.204440556,32.72699738
7.207774167,32.79965591
7.211108056,32.86859131
7.214441944,32.94311142
7.217775833,32.97664642
7.221109444,32.93006897
7.224443333,33.01390457
7.227777222,33.10519409
7.231111111,33.17040253
7.234445,33.28590775
7.237778611,33.35577393
7.2411125,33.43774796
7.244446389,33.51692581
7.247780278,33.58771896
7.251113889,33.66317368
7.254447778,33.74328232
7.257781667,33.81407928
7.261115556,33.89046478
7.264449167,33.96405411
7.267783056,34.04323196
7.271116944,34.12054825
7.274450833,34.19320679
7.277784722,34.27331924
7.281118333,34.35156631
7.284452222,34.42142868
7.287786111,34.50806046
7.29112,34.59189606
7.294453611,34.6645546
7.2977875,34.7483902
7.301121389,34.83129501
7.304455278,34.91885757
7.307788889,34.99151611
7.311122778,35.07255936
7.314456667,35.15732574
7.317790556,35.24116516
7.321124444,35.32034302
7.324458056,35.40604019
7.327791944,35.48242569
7.331125833,35.56626511
7.334459722,35.64916992
7.337793333,35.73021317
7.341127222,35.81777191
7.344461111,35.89881134
7.347795,35.98358154
7.351128611,36.0711441
7.3544625,36.15684509
7.357796389,36.24068069
7.361130278,36.32917404
7.364464167,36.41115189
7.367797778,36.50802612
7.371131667,36.59093094
7.374465556,36.67756271
7.377799444,36.76605988
7.381133056,36.85734558
7.384466944,36.93745804
7.387800833,37.03153992
7.391134722,37.12282944
7.394468333,37.21598053
7.397802222,37.30540466
7.401136111,37.39949036
7.40447,37.48518753
7.407803889,37.57368469
7.4111375,37.67055893
7.414471389,37.7665062
7.417805278,37.85499954
7.421139167,37.9434967
7.424472778,38.04223633
7.427806667,38.13166046
7.431140556,38.2294693
7.434474444,38.32448196
7.437808056,38.41111755
7.441141944,38.50985718
7.444475833,38.61139297
7.447809722,38.69989014
7.451143611,38.79676819
7.454477222,38.89457321
7.457811111,38.98679733
7.461145,39.08273697
7.464478889,39.17961884
7.4678125,39.27649307
7.471146389,39.36871719
7.474480278,39.47304916
7.477814167,39.56619644
7.481147778,39.66400528
7.484481667,39.7636795
7.487815556,39.86242294
7.491149444,39.96488953
7.494483333,40.06176758
7.497816944,40.1595726
7.501150833,40.25924683
7.504484722,40.35985184
7.507818611,40.45672989
7.511152222,40.55920029
7.514486111,40.65607452
7.51782,40.75947189
7.521153889,40.86846161
7.5244875,40.95975113
7.527821389,41.06500626
7.531155278,41.16374969
7.534489167,41.26808167
7.537823056,41.36868286
7.541156667,41.47301483
7.544490556,41.57734299
7.547824444,41.69285202
7.551158333,41.78507233
7.554491944,41.89033127
7.557825833,41.9974556
7.561159722,42.10179138
7.564493611,42.21170807
7.5678275,42.3188324
7.571161111,42.4278183
7.574495,42.53960037
7.577828889,42.64113617
7.581162778,42.74732971
7.584496389,42.85259247
7.587830278,42.96530151
7.591164167,43.07988358
7.594498056,43.1870079
7.597831667,43.2950592
7.601165556,43.40963745
7.604499444,43.51955795
7.607833333,43.63134003
7.611167222,43.74591827
7.614500833,43.85490036
7.617834722,43.96016312
7.621168611,44.07660675
7.6245025,44.18745422
7.627836111,44.30016708
7.63117,44.41381454
7.634503889,44.52093887
7.637837778,44.63365173
7.641171389,44.74450302
7.644505278,44.86373901
7.647839167,44.97551727
7.651173056,45.08729935
7.654506944,45.20653534
7.657840556,45.3192482
7.661174444,45.43103027
7.664508333,45.55399323
7.667842222,45.67415619
7.671175833,45.7831459
7.674509722,45.90796661
7.677843611,46.02627182
7.6811775,46.14457321
7.684511111,46.25635529
7.687845,46.38024521
7.691178889,46.48644257
7.694512778,46.60567093
7.697846667,46.72770309
7.701180278,46.84414673
7.704514167,46.9726944
7.707848056,47.090065
7.711181944,47.20650101
7.714515556,47.32387543
7.717849444,47.4431076
7.721183333,47.56886292
7.724517222,47.68437195
7.727851111,47.80267715
7.731184722,47.92563248
7.734518611,48.05138779
7.7378525,48.16969299
7.741186389,48.29172134
7.74452,48.41468048
7.747853889,48.53391647
7.751187778,48.66898727
7.754521667,48.78635788
7.757855278,48.92980576
7.761189167,49.03786469
7.764523056,49.1645546
7.767856944,49.2809906
7.771190833,49.40488815
7.774524444,49.53343201
7.777858333,49.65918732
7.781192222,49.78308105
7.784526111,49.91256332
7.787859722,50.03645325
7.791193611,50.16127396
7.7945275,50.28796005
7.797861389,50.41930389
7.801195278,50.54319763
7.804528889,50.66988373
7.807862778,50.79470444
7.811196667,50.92791748
7.814530556,51.05925751
7.817864167,51.18780518
7.821198056,51.32194519
7.824531944,51.45701599
7.827865833,51.58090973
7.831199444,51.71598053
7.834533333,51.84545898
7.837867222,51.97587204
7.841201111,52.10815048
7.844535,52.23949432
7.847868611,52.36244965
7.8512025,52.48913956
7.854536389,52.6195488
7.857870278,52.7555542
7.861203889,52.88689804
7.864537778,53.01451492
7.867871667,53.14958572
7.871205556,53.2855835
7.874539167,53.41972351
7.877873056,53.55106735
7.881206944,53.68986511
7.884540833,53.82213974
7.887874722,53.94882584
7.891208333,54.08203125
7.894542222,54.2226944
7.897876111,54.35310364
7.90121,54.48444748
7.904543611,54.62417221
7.9078775,54.75738525
7.911211389,54.89245224
7.914545278,55.02659607
7.917878889,55.15514374
7.921212778,55.30418015
7.924546667,55.44577789
7.927880556,55.58363724
7.931214444,55.71870804
7.934548056,55.85564041
7.937881944,55.98978043
7.941215833,56.13788986
7.944549722,56.26457977
7.947883333,56.39405823
7.951217222,56.52633286
7.954551111,56.67351532
7.957885,56.81324005
7.961218611,56.95483017
7.9645525,57.09642029
7.967886389,57.23335266
7.971220278,57.37587738
7.974554167,57.51094818
7.977887778,57.65440369
7.981221667,57.7950592
7.984555556,57.93851852
7.987889444,58.07358551
7.991223056,58.22542191
7.994556944,58.37260056
7.997890833,58.51512146
8.001224722,58.66975784
8.004558611,58.80482483
8.007892222,58.94548416
8.011226111,59.10756683
8.01456,59.24542999
8.017893889,59.36932373
8.0212275,59.50905228
8.024561389,59.65809631
8.027895278,59.80061722
8.031229167,59.9459343
8.034562778,60.09870148
8.037896667,60.2402916
8.041230556,60.37722397
8.044564444,60.52347565
8.047898056,60.66506577
8.051231944,60.81038284
8.054565833,60.95383835
8.057899722,61.10474396
8.061233611,61.24913025
8.064567222,61.39910126
8.067901111,61.53976059
8.071235,61.68414307
8.074568889,61.8331871
8.0779025,61.97943497
8.081236389,62.12195969
8.084570278,62.27099609
8.087904167,62.40979767
8.091238056,62.55791092
8.094571667,62.70602036
8.097905556,62.85599518
8.101239444,63.00410461
8.104573333,63.13637924
8.107906944,63.29101563
8.111240833,63.4344635
8.114574722,63.58536911
8.117908611,63.72789383
8.121242222,63.88159561
8.124576111,64.03250122
8.12791,64.1778183
8.131243889,64.32034302
8.134577778,64.47403717
8.137911389,64.61656189
8.141245278,64.77305603
8.144579167,64.91464996
8.147913056,65.06742096
8.151246667,65.21739197
8.154580556,65.36830139
8.157914444,65.51920319
8.161248333,65.66638184
8.164582222,65.80797577
8.167915833,65.96819305
8.171249722,66.1153717
8.174583611,66.27279663
8.1779175,66.42184448
8.181251111,66.56716156
8.184585,66.71620178
8.187918889,66.87083435
8.191252778,67.02546692
8.194586667,67.18755341
8.197920278,67.32448578
8.201254167,67.48284149
8.204588056,67.63188171
8.207921944,67.78186035
8.211255556,67.9355545
8.214589444,68.09577942
8.217923333,68.247612
8.221257222,68.40410614
8.224590833,68.55129242
8.227924722,68.70871735
8.231258611,68.86614227
8.2345925,69.0235672
8.237926389,69.18006134
8.24126,69.32072449
8.244593889,69.48839569
8.247927778,69.64582825
8.251261667,69.79673004
8.254595278,69.93925476
8.257929167,70.09015656
8.261263056,70.25038147
8.264596944,70.39942169
8.267930556,70.55964661
8.271264444,70.71799469
8.274598333,70.87356567
8.277932222,71.02819824
8.281266111,71.17258453
8.284599722,71.33838654
8.287933611,71.48184204
8.2912675,71.63088226
8.294601389,71.78644562
8.297935,71.95877838
8.301268889,72.0929184
8.304602778,72.24475861
8.307936667,72.39939117
8.311270278,72.5586853
8.314604167,72.71424103
8.317938056,72.8707428
8.321271944,73.0300293
8.324605833,73.18839264
8.327939444,73.35606384
8.331273333,73.51348877
8.334607222,73.66252136
8.337941111,73.8302002
8.341274722,73.97737885
8.344608611,74.13760376
8.3479425,74.30154419
8.351276389,74.4552536
8.354610278,74.61733246
8.357943889,74.77661896
8.361277778,74.93869781
8.364611667,75.10079193
8.367945556,75.25728607
8.371279167,75.41191101
8.374613056,75.57772064
8.377946944,75.73701477
8.381280833,75.88978577
8.384614444,76.0574646
8.387948333,76.21395874
8.391282222,76.38256073
8.394616111,76.53346252
8.39795,76.69741058
8.401283611,76.85856628
8.4046175,77.02809906
8.407951389,77.18366241
8.411285278,77.34295654
8.414619167,77.4966507
8.417952778,77.66246033
8.421286667,77.8254776
8.424620556,77.99780273
8.427954444,78.14965057
8.431288056,78.30893707
8.434621944,78.46729279
8.437955833,78.6340332
8.441289722,78.7951889
8.444623333,78.95820618
8.447957222,79.12400818
8.451291111,79.28517151
8.454625,79.44445801
8.457958611,79.60374451
8.4612925,79.7565155
8.464626389,79.92510986
8.467960278,80.09558105
8.471294167,80.24835968
8.474627778,80.41696167
8.477961667,80.56972504
8.481295556,80.72156525
8.484629444,80.88179016
8.487963056,81.05690765
8.491296944,81.20223236
8.494630833,81.36990356
8.497964722,81.51986694
8.501298333,81.67916107
8.504632222,81.85801697
8.507966111,82.02476501
8.5113,82.18404388
8.514633889,82.33123016
8.5179675,82.50170135
8.521301389,82.66843414
8.524635278,82.83331299
8.527969167,82.98888397
8.531302778,83.15003204
8.534636667,83.32515717
8.537970556,83.48444366
8.541304444,83.64093781
8.544638333,83.80115509
8.547971944,83.97162628
8.551305833,84.13092041
8.554639722,84.30604553
8.557973611,84.4522934
8.561307222,84.63021088
8.564641111,84.78670502
8.567975,84.95066071
8.571308889,85.10901642
8.574642778,85.28227234
8.577976389,85.44528961
8.581310278,85.59806061
8.584644167,85.76200104
8.587978056,85.94365692
8.591311667,86.08617401
8.594645556,86.26688385
8.597979444,86.42524719
8.601313333,86.58918762
8.604646944,86.7522049
8.607980833,86.91429138
8.611314722,87.08383179
8.614648611,87.2421875
8.6179825,87.41452026
8.621316111,87.57939148
8.62465,87.74147797
8.627983889,87.91287231
8.631317778,88.07775116
8.634651389,88.24729919
8.637985278,88.40751648
8.641319167,88.57145691
8.644653056,88.7437973
8.647986667,88.89562988
8.651320556,89.07261658
8.654654444,89.22631836
8.657988333,89.39585114
8.661322222,89.56446075
8.664655833,89.72653961
8.667989722,89.89048767
8.671323611,90.04419708
8.6746575,90.22583008
8.677991111,90.36556244
8.681325,90.54255676
8.684658889,90.71954346
8.687992778,90.87322998
8.691326389,91.0437088
8.694660278,91.20766449
8.697994167,91.36322021
8.701328056,91.54579163
8.704661944,91.70322418
8.707995556,91.86530304
8.711329444,92.04322815
8.714663333,92.21369171
8.717997222,92.36180878
8.721330833,92.53879547
8.724664722,92.71950531
8.727998611,92.87321472
8.7313325,93.04833221
8.734666111,93.21321106
8.738,93.367836
8.741333889,93.54483032
8.744667778,93.71716309
8.748001667,93.89042664
8.751335278,94.06462097
8.754669167,94.21366882
8.758003056,94.39344025
8.761336944,94.54993439
8.764670556,94.73065186
8.768004444,94.90670776
8.771338333,95.06600189
8.774672222,95.23553467
8.778005833,95.39575958
8.781339722,95.58392334
8.784673611,95.73203278
8.7880075,95.90716553
8.791341389,96.08322144
8.794675,96.24344635
8.798008889,96.41111755
8.801342778,96.58065033
8.804676667,96.75856781
8.808010278,96.92623901
8.811344167,97.09391785
8.814678056,97.25505829
8.818011944,97.42273712
8.821345556,97.49819183
8.824679444,97.41435242
8.828013333,97.44789124
8.831347222,97.6463089
8.834681111,97.80093384
8.838014722,98.02915192
8.841348611,98.18750763
8.8446825,98.36171722
8.848016389,98.52565765
8.85135,98.69425964
8.854683889,98.8582077
8.858017778,99.03425598
8.861351667,99.19355011
8.864685278,99.36682129
8.868019167,99.52610016
8.871353056,99.70960999
8.874686944,99.86518097
8.878020833,100.0375061
8.881354444,100.2079773
8.884688333,100.3709946
8.888022222,100.5451813
8.891356111,100.7100601
8.894689722,100.8861237
8.898023611,101.0528641
8.9013575,101.2224045
8.904691389,101.4031067
8.908025278,101.5652008
8.911358889,101.7393875
8.914692778,101.9135895
8.918026667,102.0775375
8.921360556,102.2461395
8.924694167,102.4054337
8.928028056,102.5842667
8.931361944,102.7519455
8.934695833,102.914032
8.938029444,103.0798416
8.941363333,103.2624207
8.944697222,103.4282303
8.948031111,103.6042862
8.951365,103.771965
8.954698611,103.9396362
8.9580325,104.1035767
8.961366389,104.2610016
8.964700278,104.4417267
8.968033889,104.6056747
8.971367778,104.7779999
8.974701667,104.9466095
8.978035556,105.1226578
8.981369167,105.2847443
8.984703056,105.4598694
8.988036944,105.6303482
8.991370833,105.7933578
8.994704722,105.9619598
8.998038333,106.1464005
9.001372222,106.316864
9.004706111,106.4910583
9.00804,106.6568756
9.011373611,106.8217468
9.0147075,106.9950104
9.018041389,107.1682739
9.021375278,107.3387451
9.024708889,107.5036163
9.028042778,107.6712952
9.031376667,107.8473511
9.034710556,108.0131531
9.038044444,108.1752472
9.041378056,108.3522339
9.044711944,108.5217667
9.048045833,108.6922302
9.051379722,108.8561859
9.054713333,109.0238647
9.058047222,109.1943283
9.061381111,109.368515
9.064715,109.5231552
9.068048611,109.6973495
9.0713825,109.8650131
9.074716389,110.0401459
9.078050278,110.1985016
9.081384167,110.3773499
9.084717778,110.5357056
9.088051667,110.7154922
9.091385556,110.885025
9.094719444,111.0489731
9.098053056,111.2343521
9.101386944,111.4057465
9.104720833,111.5696945
9.108054722,111.7476196
9.111388611,111.9031754
9.114722222,112.0736465
9.118056111,112.2552872
9.12139,112.4378662
9.124723889,112.6148529
9.1280575,112.7694855
9.131391389,112.9380875
9.134725278,113.1122818
9.138059167,113.2892761
9.141392778,113.4578705
9.144726667,113.6292801
9.148060556,113.7941513
9.151394444,113.9646225
9.154728333,114.14534
9.158061944,114.3074188
9.161395833,114.4853439
9.164729722,114.6483612
9.168063611,114.817894
9.171397222,114.9846344
9.174731111,115.1709366
9.178065,115.3311615
9.181398889,115.5062866
9.1847325,115.6767578
9.188066389,115.8462906
9.191400278,116.0195541
9.194734167,116.1918869
9.198068056,116.3418579
9.201401667,116.5169754
9.204735556,116.6883774
9.208069444,116.8495331
9.211403333,117.0265198
9.214736944,117.1941986
9.218070833,117.3702469
9.221404722,117.5528336
9.224738611,117.7232895
9.228072222,117.8918991
9.231406111,118.0483932
9.23474,118.223526
9.238073889,118.4033051
9.2414075,118.5672531
9.244741389,118.7395782
9.248075278,118.9044647
9.251409167,119.0795898
9.254743056,119.247261
9.258076667,119.431694
9.261410556,119.5751572
9.264744444,119.7670441
9.268078333,119.9319305
9.271411944,120.1014557
9.274745833,120.2728577
9.278079722,120.4507828
9.281413611,120.6249695
9.284747222,120.7851944
9.288081111,120.9668427
9.291415,121.1401062
9.294748889,121.2984619
9.298082778,121.481041
9.301416389,121.6459198
9.304750278,121.816391
9.308084167,121.9896393
9.311418056,122.1629105
9.314751667,122.314743
9.318085556,122.3650436
9.321419444,122.587677
9.324753333,122.7711792
9.328086944,122.9649429
9.331420833,123.1065292
9.334754722,123.2760696
9.338088611,123.44561
9.3414225,123.6309738
9.344756111,123.801445
9.34809,123.975647
9.351423889,124.1572876
9.354757778,124.3091278
9.358091389,124.4851837
9.361425278,124.6454086
9.364759167,124.8186646
9.368093056,124.9872742
9.371426667,125.1661148
9.374760556,125.3412476
9.378094444,125.5443192
9.381428333,125.67659
9.384762222,125.8470612
9.388095833,126.0324249
9.391429722,126.2038269
9.394763611,126.3687057
9.3980975,126.5429001
9.401431111,126.7170944
9.404765,126.8978195
9.408098889,127.0533752
9.411432778,127.2210464
9.414766389,127.3859253
9.418100278,127.5703583
9.421434167,127.7426987
9.424768056,127.9103699
9.428101667,128.0799103
9.431435556,128.243866
9.434769444,128.4282837
9.438103333,128.5829315
9.441437222,128.7552643
9.444770833,128.9229279
9.448104722,129.1045685
9.451438611,129.2489624
9.4547725,129.4296722
9.458106111,129.6094666
9.46144,129.7799225
9.464773889,129.9429321
9.468107778,130.0891876
9.471441667,130.2680359
9.474775278,130.4431763
9.478109167,130.6080475
9.481443056,130.7822418
9.484776944,130.951767
9.488110556,131.099884
9.491444444,131.2684937
9.494778333,131.4231262
9.498112222,131.5786896
9.501445833,131.7472839
9.504779722,131.9345245
9.508113611,132.1077881
9.5114475,132.2847748
9.514781389,132.4440765
9.518115,132.640625
9.521448889,132.7933807
9.524782778,132.9386902
9.528116667,133.1166077
9.531450278,133.3019867
9.534784167,133.4566345
9.538118056,133.6261597
9.541451944,133.818985
9.544785556,133.9810791
9.548119444,134.1356964
9.551453333,134.2977905
9.554787222,134.4840851
9.558120833,134.6769257
9.561454722,134.8306122
9.564788611,134.9936218
9.5681225,135.1650238
9.571456389,135.3513336
9.57479,135.5050201
9.578123889,135.6764221
9.581457778,135.8543549
9.584791667,136.0220184
9.588125278,136.1840973
9.591459167,136.36203
9.594793056,136.532486
9.598126944,136.686203
9.601460556,136.8529358
9.604794444,137.0485535
9.608128333,137.2339172
9.611462222,137.4407349
9.614796111,137.6624298
9.618129722,137.831955
9.621463611,138.0275879
9.6247975,138.197113
9.628131389,138.3592072
9.631465,138.5147552
9.634798889,138.6777954
9.638132778,138.85849
9.641466667,139.0215149
9.644800278,139.1779938
9.648134167,139.3475494
9.651468056,139.5534058
9.654801944,139.6670532
9.658135833,139.8654633
9.661469444,140.0275574
9.664803333,140.1849823
9.668137222,140.356369
9.671471111,140.5259094
9.674804722,140.7243195
9.678138611,140.865921
9.6814725,141.0354309
9.684806389,141.2040558
9.68814,141.3745117
9.691473889,141.5608215
9.694807778,141.7164001
9.698141667,141.8849945
9.701475556,142.049881
9.704809167,142.2175446
9.708143056,142.3824158
9.711476944,142.5584717
9.714810833,142.7121735
9.718144722,142.8761292
9.721478333,143.0475159
9.724812222,143.2356873
9.728146111,143.3996429
9.73148,143.5552063
9.734813611,143.7210083
9.7381475,143.8784332
9.741481389,144.0768585
9.744815278,144.2268219
9.748148889,144.4047394
9.751482778,144.5807953
9.754816667,144.7559357
9.758150556,144.9003296
9.761484444,145.050293
9.764818056,145.2254181
9.768151944,145.3884277
9.771485833,145.5644836
9.774819722,145.7489319
9.778153333,145.918457
9.781487222,146.0693665
9.784821111,146.2370453
9.788155,146.4363861
9.791488611,146.5779724
9.7948225,146.7791748
9.798156389,146.9282227
9.801490278,147.1052246
9.804824167,147.2673035
9.808157778,147.4237976
9.811491667,147.5821533
9.814825556,147.7731018
9.818159444,147.9268188
9.821493056,148.0842438
9.824826944,148.2733459
9.828160833,148.4177246
9.831494722,148.5695648
9.834828611,148.7409668
9.838162222,148.9291382
9.841496111,149.0930786
9.84483,149.2505035
9.848163889,149.4042053
9.8514975,149.5662842
9.854831389,149.7432709
9.858165278,149.8913727
9.861499167,150.0506744
9.864832778,150.2360535
9.868166667,150.3785706
9.871500556,150.5322723
9.874834444,150.7409363
9.878168333,150.8797302
9.881501944,151.0492706
9.884835833,151.2281189
9.888169722,151.3920593
9.891503611,151.5858154
9.894837222,151.7357788
9.898171111,151.9211578
9.901505,152.0878906
9.904838889,152.2276306
9.908172778,152.3990326
9.911506389,152.5769501
9.914840278,152.7185364
9.918174167,152.901123
9.921508056,153.0650482
9.924841667,153.2588043
9.928175556,153.42276
9.931509444,153.5783234
9.934843333,153.7329712
9.938178056,153.9118042
9.941510833,154.0785522
9.944844722,154.2508698
9.948178611,154.423233
9.9515125,154.589035
9.954846111,154.7725372
9.95818,154.9150543
9.961513889,155.0939178
9.964847778,155.2513275
9.968181389,155.4553375
9.971515278,155.587616
9.974849167,155.7804413
9.978183056,155.9360046
9.981516944,156.1073914
9.984850556,156.2741394
9.988184444,156.4269104
9.991518333,156.5852814
9.994852222,156.7445679
9.998185833,156.9262238
10.00151972,157.0882874
10.00485361,157.2932281
10.0081875,157.4813843
10.01152139,157.6108704
10.014855,157.7440796
10.01818889,157.932251
10.02152278,158.1185608
10.02485667,158.2722626
10.02819028,158.4315338
10.03152417,158.5898895
10.03485806,158.7585144
10.03819194,158.9317474
10.04152583,159.0845337
10.04485944,159.2745514
10.04819333,159.4440918
10.05152722,159.5754395
10.05486111,159.7365875
10.05819472,159.9126434
10.06152861,160.0784454
10.0648625,160.2219086
10.06819639,160.3923798
10.07153,160.5619202
10.07486389,160.7305298
10.07819778,160.8925934
10.08153167,161.0462952
10.08486556,161.1888275
10.08819917,161.3471985
10.09153306,161.5120697
10.09486694,161.6694794
10.09820083,161.8371735
10.10153444,161.9824677
10.10486833,162.1557312
10.10820222,162.3224945
10.11153611,162.4640808
10.11487,162.6764679
10.11820361,162.8199158
10.1215375,162.9810638
10.12487139,163.1655121
10.12820528,163.321991
10.13153889,163.4822235
10.13487278,163.6070557
10.13820667,163.8101196
10.14154056,163.9628906
10.14487444,164.0802612
10.14820806,164.2693634
10.15154194,164.4481964
10.15487583,164.5851288
10.15820972,164.769577
10.16154361,164.921402
10.16487722,165.0648804
10.16821111,165.2483826
10.171545,165.3871765
10.17487889,165.5753326
10.1782125,165.7327728
10.18154639,165.9078827
10.18488028,166.0783539
10.18821417,166.2115631
10.19154778,166.3960114
10.19488167,166.5506287
10.19821556,166.7369385
10.20154944,166.8813324
10.20488333,167.030365
10.20821694,167.1924591
10.21155083,167.3694611
10.21488472,167.5250092
10.21821861,167.719696
10.22155222,167.9115906
10.22488611,168.0382843
10.22822,168.2040863
10.23155389,168.3540497
10.23488778,168.5086823
10.23822139,168.6772919
10.24155528,168.8626556
10.24488917,169.005188
10.24822306,169.171936
10.25155667,169.3368225
10.25489056,169.5137939
10.25822444,169.6600494
10.26155833,169.8174744
10.26489222,169.9692993
10.26822583,170.1407166
10.27155972,170.2878876
10.27489361,170.457428
10.2782275,170.6409149
10.28156111,170.7685547
10.284895,170.9529877
10.28822889,171.0805969
10.29156278,171.2371063
10.29489667,171.3936005
10.29823028,171.5389252
10.30156417,171.7084351
10.30489806,171.8938293
10.30823194,172.0335388
10.31156556,172.2068176
10.31489944,172.3642273
10.31823333,172.54776
10.32156722,172.693985
10.32490111,172.8728485
10.32823472,172.9948883
10.33156861,173.1681213
10.3349025,173.3227692
10.33823639,173.4988251
10.34157,173.6348267
10.34490389,173.8034363
10.34823778,173.9916077
10.35157167,174.1462402
10.35490556,174.2663879
10.35823917,174.4126587
10.36157306,174.6157074
10.36490694,174.7852478
10.36824083,174.9240417
10.37157444,175.0609741
10.37490833,175.2547302
10.37824222,175.381424
10.38157611,175.5593567
10.38491,175.7428436
10.38824361,175.8648834
10.3915775,176.0185699
10.39491139,176.209549
10.39824528,176.3529968
10.40157889,176.4880676
10.40491278,176.6781006
10.40824667,176.8308868
10.41158056,177.0180969
10.41491444,177.1643524
10.41824806,177.3236237
10.42158194,177.4941101
10.42491583,177.6394196
10.42824972,177.7921906
10.43158333,177.9514923
10.43491722,178.1089172
10.43825111,178.2653961
10.441585,178.4833832
10.44491889,178.6044769
10.4482525,178.7777405
10.45158639,178.9808197
10.45492028,179.0972443
10.45825417,179.2584076
10.46158778,179.4288635
10.46492167,179.6142578
10.46825556,179.7558289
10.47158944,179.9141846
10.47492333,180.0380859
10.47825694,180.199234
10.48159083,180.3715515
10.48492472,180.4907837
10.48825861,180.6640625
10.49159222,180.8214722
10.49492611,180.9798279
10.49826,181.1586914
10.50159389,181.3245087
10.50492778,181.4409485
10.50826139,181.6067505
10.51159528,181.7548523
10.51492917,181.9160156
10.51826306,182.0426941
10.52159667,182.2196808
10.52493056,182.3836365
10.52826444,182.5243073
10.53159833,182.6863708
10.53493222,182.8708191
10.53826583,183.0058899
10.54159972,183.1744995
10.54493361,183.3254089
10.5482675,183.4707336
10.55160111,183.6300201
10.554935,183.7948914
10.55826889,183.9560394
10.56160278,184.1553802
10.56493667,184.2811432
10.56827028,184.4152832
10.57160417,184.5671234
10.57493806,184.7310638
10.57827194,184.8856964
10.58160583,185.0710602
10.58493944,185.1996155
10.58827333,185.3672791
10.59160722,185.5517273
10.59494111,185.6690979
10.59827472,185.8283997
10.60160861,185.9988556
10.6049425,186.1441803
10.60827639,186.296936
10.61161,186.4590302
10.61494389,186.607132
10.61827778,186.7617798
10.62161167,186.9266663
10.62494556,187.0654297
10.62827917,187.2349854
10.63161306,187.4110565
10.63494694,187.5405121
10.63828083,187.6876984
10.64161472,187.8628235
10.64494833,188.0230408
10.64828222,188.2102814
10.65161611,188.3444061
10.65495,188.4944
10.65828361,188.6629944
10.6616175,188.8064423
10.66495139,188.9778442
10.66828528,189.1110687
10.67161917,189.2731323
10.67495278,189.4212494
10.67828667,189.5684357
10.68162056,189.7724304
10.68495444,189.8767548
10.68828806,190.0323181
10.69162194,190.1655426
10.69495583,190.3369293
10.69828972,190.5474548
10.70162361,190.6676331
10.70495722,190.7905731
10.70829111,190.9182129
10.711625,191.0830841
10.71495889,191.2805634
10.7182925,191.4026031
10.72162639,191.5832977
10.72496028,191.7100067
10.72829417,191.8953705
10.73162806,192.0248566
10.73496167,192.1860046
10.73829556,192.2744904
10.74162944,192.4729004
10.74496333,192.5884094
10.74829722,192.743988
10.75163083,192.9088593
10.75496472,193.0774536
10.75829861,193.1873779
10.7616325,193.3336182
10.76496611,193.5096893
10.7683,193.654068
10.77163389,193.7937927
10.77496778,193.9316559
10.77830167,194.1179657
10.78163528,194.2269592
10.78496917,194.4263
10.78830306,194.5455475
10.79163694,194.7216034
10.79497056,194.8995209
10.79830444,195.0261993
10.80163833,195.1668549
10.80497222,195.323349
10.80830611,195.5068512
10.81163972,195.6279449
10.81497361,195.7807312
10.8183075,195.9539795
10.82164139,196.0853424
10.82497528,196.2231903
10.82830889,196.3992615
10.83164278,196.515686
10.83497667,196.6833649
10.83831056,196.8491821
10.84164417,196.9795837
10.84497806,197.1789246
10.84831194,197.2888489
10.85164583,197.4667664
10.85497972,197.6083527
10.85831333,197.763916
10.86164722,197.9082947
10.86498111,198.0778503
10.868315,198.2156982
10.87164861,198.4066772
10.8749825,198.5864563
10.87831639,198.7457428
10.88165028,198.8631134
10.88498417,198.9916534
10.88831778,199.178894
10.89165167,199.336319
10.89498556,199.4341278
10.89831944,199.5990143
10.90165306,199.758316
10.90498694,199.9157257
10.90832083,200.1020355
10.91165472,200.1830597
10.91498861,200.3675232
10.91832222,200.5230865
10.92165611,200.6423187
10.92499,200.7848358
10.92832389,200.9506531
10.93165778,201.1034241
10.93499139,201.2468719
10.93832528,201.4275665
10.94165917,201.5626526
10.94499306,201.6800385
10.94832667,201.8234863
10.95166056,202.0246735
10.95499444,202.1429901
10.95832833,202.3153076
10.96166222,202.4308319
10.96499583,202.6031647
10.96832972,202.7186584
10.97166361,202.8975067
10.9749975,203.0363007
10.97833111,203.1844177
10.981665,203.3530273
10.98499889,203.5067291
10.98833278,203.6445923
10.99166667,203.7750092
10.99500028,203.9091644
10.99833417,204.0823975
11.00166806,204.2174835
11.00500194,204.3795624
11.00833583,204.5146332
11.01166944,204.6580811
11.01500333,204.8024597
11.01833722,204.9664154
11.02167111,205.1145325
11.02500472,205.2729034
11.02833861,205.4098358
11.0316725,205.5616608
11.03500639,205.7172241
11.03834028,205.8755646
11.04167389,206.0041199
11.04500778,206.1522522
11.04834167,206.3487854
11.05167556,206.4671021
11.05500917,206.6142578
11.05834306,206.7539978
11.06167694,206.8769531
11.06501083,207.0613861
11.06834472,207.1852875
11.07167833,207.3492432
11.07501222,207.4665985
11.07834611,207.6324005
11.08168,207.7917023
11.08501361,207.9528656
11.0883475,208.0590515
11.09168139,208.2351074
11.09501528,208.38974
11.09834917,208.5527496
11.10168278,208.6971436
11.10501667,208.8070526
11.10835056,209.0157166
11.11168444,209.1647644
11.11501806,209.2718811
11.11835194,209.4395599
11.12168583,209.5662384
11.12501972,209.6920013
11.12835361,209.8624573
11.13168722,210.0021973
11.13502111,210.1689453
11.138355,210.3496552
11.14168889,210.4884491
11.1450225,210.6226044
11.14835639,210.7651062
11.15169028,210.9188232
11.15502417,211.066925
11.15835806,211.2206268
11.16169167,211.3277283
11.16502556,211.4982147
11.16835944,211.6360626
11.17169333,211.8084259
11.17502722,211.9248352
11.17836083,212.1232758
11.18169472,212.2061615
11.18502861,212.416687
11.1883625,212.4828186
11.19169611,212.6439819
11.19503,212.8200378
11.19836389,212.9336853
11.20169778,213.0603638
11.20503167,213.2280426
11.20836528,213.4217987
11.21169917,213.512146
11.21503306,213.6639862
11.21836694,213.8381805
11.22170056,213.9704742
11.22503444,214.1157684
11.22836833,214.2368622
11.23170222,214.4306183
11.23503611,214.5377502
11.23836972,214.672821
11.24170361,214.8339691
11.2450375,214.9839325
11.24837139,215.1236877
11.25170528,215.2410431
11.25503889,215.4469299
11.25837278,215.5503082
11.26170667,215.7133179
11.26504056,215.8167267
11.26837417,216.0020905
11.27170806,216.1064148
11.27504194,216.2424316
11.27837583,216.4231415
11.28170972,216.5628815
11.28504333,216.7016907
11.28837722,216.8525696
11.29171111,216.9932404
11.295045,217.1972351
11.29837861,217.3239288
11.3017125,217.4235992
11.30504639,217.5800934
11.30838028,217.7459106
11.31171417,217.9154358
11.31504778,218.0244141
11.31838167,218.1483154
11.32171556,218.3122559
11.32504944,218.4529266
11.32838333,218.588913
11.33171694,218.7053528
11.33505083,218.8935242
11.33838472,219.0202026
11.34171861,219.1217499
11.34505222,219.2810516
11.34838611,219.4254303
11.35172,219.5334778
11.35505389,219.703949
11.35838778,219.8287811
11.36172139,219.9796753
11.36505528,220.1231232
11.36838917,220.2582092
11.37172306,220.406311
11.37505667,220.5208893
11.37839056,220.7006683
11.38172444,220.8524933
11.38505833,220.9633636
11.38839222,221.1403503
11.39172583,221.2102051
11.39505972,221.4021149
11.39839361,221.4719696
11.4017275,221.6592102
11.40506139,221.8250122
11.408395,221.9638062
11.41172889,222.1240234
11.41506278,222.2525787
11.41839667,222.3783417
11.42173028,222.5115356
11.42506417,222.6903992
11.42839806,222.8040466
11.43173194,222.95961
11.43506583,223.0797729
11.43839944,223.2362518
11.44173333,223.305191
11.44506722,223.4915009
11.44840111,223.6079559
11.45173472,223.7141266
11.45506861,223.8482666
11.4584025,224.0103607
11.46173639,224.0886078
11.46507028,224.2311401
11.46840389,224.3540802
11.47173778,224.5562286
11.47507167,224.6568298
11.47840556,224.7891235
11.48173944,224.9921722
11.48507333,225.1048889
11.48840694,225.2445984
11.49174083,225.3610535
11.49507472,225.5305939
11.49840833,225.6656494
11.50174222,225.8035278
11.50507611,225.9134369
11.50841,226.0690002
11.51174361,226.2338867
11.5150775,226.3540497
11.51841139,226.4667664
11.52174528,226.6437683
11.52507917,226.7918701
11.52841278,226.967926
11.53174667,227.0675964
11.53508056,227.1933441
11.53841444,227.3535767
11.54174806,227.4830475
11.54508194,227.6339569
11.54841583,227.7522583
11.55174972,227.9087524
11.55508361,227.9963226
11.55841722,228.2031097
11.56175111,228.3577423
11.565085,228.4536896
11.56841889,228.5747833
11.57175278,228.6968079
11.57508639,228.8346863
11.57842028,228.9632416
11.58175417,229.1318359
11.58508806,229.2389679
11.58842167,229.4057007
11.59175556,229.5640717
11.59508944,229.6665344
11.59842333,229.8034668
11.60175722,230.0251617
11.60509083,230.1183167
11.60842472,230.3120575
11.61175861,230.3800812
11.6150925,230.5421448
11.61842611,230.6967621
11.62176,230.8570099
11.62509389,230.9399109
11.62842778,231.0908203
11.63176167,231.2594299
11.63509528,231.3199768
11.63842917,231.4569092
11.64176306,231.6059418
11.64509694,231.7689514
11.64843056,231.8965759
11.65176444,232.0232697
11.65509833,232.1248016
11.65843222,232.307373
11.66176611,232.4349976
11.66509972,232.5756531
11.66843361,232.6595001
11.6717675,232.8243866
11.67510139,232.9650269
11.678435,233.1317596
11.68176889,233.2752228
11.68510278,233.4056244
11.68843667,233.5220795
11.69177056,233.6739044
11.69510417,233.8080597
11.69843806,233.899353
11.70177194,234.0735474
11.70510583,234.2337646
11.70843944,234.3240967
11.71177333,234.49086
11.71510722,234.6231384
11.71844111,234.7498169
11.721775,234.9053802
11.72510861,234.9985352
11.7284425,235.1354675
11.73177639,235.2957001
11.73511028,235.4279633
11.73844417,235.5462646
11.74177778,235.7130127
11.74511167,235.8564606
11.74844556,235.9682465
11.75177944,236.1107635
11.75511306,236.2188263
11.75844694,236.3585358
11.76178083,236.4871063
11.76511472,236.6175232
11.76844861,236.8047485
11.77178222,236.9342194
11.77511611,237.0664825
11.77845,237.1633759
11.78178389,237.2760925
11.7851175,237.3934631
11.78845139,237.5276031
11.79178528,237.6934052
11.79511917,237.8014679
11.79845306,237.9672699
11.80178667,238.1004944
11.80512056,238.217865
11.80845444,238.2914581
11.81178833,238.4060211
11.81512194,238.5597229
11.81845583,238.6882782
11.82178972,238.837326
11.82512361,239.0124512
11.8284575,239.1093292
11.83179111,239.2257538
11.835125,239.3505707
11.83845889,239.4875031
11.84179278,239.6691589
11.84512667,239.7529907
11.84846028,239.9066925
11.85179417,240.0613251
11.85512806,240.1433105
11.85846194,240.2820892
11.86179556,240.435791
11.86512944,240.5522461
11.86846333,240.6826477
11.87179722,240.773941
11.87513111,240.9630432
11.87846472,241.0524597
11.88179861,241.1661072
11.8851325,241.3291321
11.88846639,241.4120331
11.8918,241.5545349
11.89513389,241.6989441
11.89846778,241.8284149
11.90180167,241.9728088
11.90513556,242.0957642
11.90846917,242.2503967
11.91180306,242.3435516
11.91513694,242.5177307
11.91847083,242.6611786
11.92180444,242.7282562
11.92513833,242.8922272
11.92847222,243.0328522
11.93180611,243.1539612
11.93514,243.3039398
11.93847361,243.4399414
11.9418075,243.5992279
11.94514139,243.6663055
11.94847528,243.8283844
11.95180889,243.9690552
11.95514278,244.0975952
11.95847667,244.2550201
11.96181056,244.3630829
11.96514444,244.5000153
11.96847806,244.6360168
11.97181194,244.7431335
11.97514583,244.9117432
11.97847972,245.0076904
11.98181361,245.1008453
11.98514722,245.3011017
11.98848111,245.3514099
11.991815,245.5162964
11.99514889,245.6979523
11.9984825,245.7557068
12.00181639,245.9047394
12.00515028,246.0379333
12.00848417,246.1739349
12.01181806,246.2969055
12.01515167,246.3686371
12.01848556,246.5726318
12.02181944,246.6909332
12.02515333,246.7850189
12.02848694,246.9228973
12.03182083,247.0393372
12.03515472,247.1576233
12.03848861,247.2778015
12.0418225,247.4147339
12.04515611,247.5423279
12.04849,247.6671753
12.05182389,247.787323
12.05515778,247.9736328
12.05849139,248.0872803
12.06182528,248.1589966
12.06515917,248.2968597
12.06849306,248.4748077
12.07182694,248.5679474
12.07516056,248.7086182
12.07849444,248.8380737
12.08182833,248.9498749
12.08516222,249.1063538
12.08849611,249.227478
12.09182972,249.3764954
12.09516361,249.4864197
12.0984975,249.6186981
12.10183139,249.7192993
12.105165,249.8292236
12.10849889,250.0080719
12.11183278,250.0779266
12.11516667,250.2642365
12.11850056,250.3629913
12.12183417,250.4831543
12.12516806,250.5762939
12.12850194,250.77005
12.13183583,250.8445587
12.13516944,250.9675446
12.13850333,251.1109924
12.14183722,251.2293091
12.14517111,251.3885803
12.148505,251.5488129
12.15183861,251.6428833
12.1551725,251.7965851
12.15850639,251.9297791
12.16184028,252.0546112
12.16517389,252.1496429
12.16850778,252.3023987
12.17184167,252.4076538
12.17517556,252.559494
12.17850944,252.7020264
12.18184306,252.7579193
12.18517694,252.8948517
12.18851083,253.0578613
12.19184472,253.1202698
12.19517833,253.2935333
12.19851222,253.387619
12.20184611,253.4798279
12.20518,253.6698761
12.20851389,253.7723389
12.2118475,253.9148712
12.21518139,254.0005646
12.21851528,254.1291046
12.22184917,254.2632446
12.22518278,254.3713074
12.22851667,254.4374237
12.23185056,254.6293335
12.23518444,254.7616119
12.23851833,254.8370514
12.24185194,254.973053
12.24518583,255.1174316
12.24851972,255.1686707
12.25185361,255.3624268
12.2551875,255.4602356
12.25852111,255.5561981
12.261855,255.6726227
12.26518889,255.8272552
12.26852278,255.9073639
12.27185639,256.0731812
12.27519028,256.1635437
12.27852417,256.2548218
12.28185806,256.4271545
12.28519194,256.6144104
12.28852556,256.7019348
12.29185944,256.7969666
12.29519333,256.9040833
12.29852722,257.0419617
12.30186111,257.1621094
12.30519472,257.2757874
12.30852861,257.3670654
12.3118625,257.533783
12.31519639,257.6278992
12.31853,257.7638855
12.32186389,257.8728943
12.32519778,257.9697571
12.32853167,258.15979
12.33186556,258.2715454
12.33519917,258.3609924
12.33853306,258.502594
12.34186694,258.6329956
12.34520083,258.744751
12.34853472,258.8733215
12.35186833,259.0139771
12.35520222,259.0875854
12.35853611,259.2207642
12.36187,259.3549194
12.36520361,259.4909058
12.3685375,259.6511536
12.37187139,259.7414856
12.37520528,259.8392944
12.37853917,259.9538879
12.38187278,260.0870972
12.38520667,260.249176
12.38854056,260.3190308
12.39187444,260.4727173
12.39520806,260.6208496
12.39854194,260.6785889
12.40187583,260.822052
12.40520972,261.0027771
12.40854361,261.0912781
12.41187722,261.1853333
12.41521111,261.2850342
12.418545,261.4508362
12.42187889,261.5691528
12.42521278,261.7051392
12.42854639,261.8327332
12.43188028,261.9203186
12.43521417,262.0004272
12.43854806,262.1625061
12.44188194,262.3124695
12.44521556,262.2081604
12.44854944,262.3255005
12.45188333,262.503418
12.45521722,262.6403503
12.45855083,262.772644
12.46188472,262.8630066
12.46521861,262.9701233
12.4685525,263.1042786
12.47188639,263.2393188
12.47522,263.3390198
12.47855389,263.472229
12.48188778,263.5402222
12.48522167,263.6678467
12.48855556,263.8215637
12.49188917,263.9277344
12.49522306,264.0665283
12.49855694,264.1950989
12.50189083,264.263092
12.50522444,264.3804626
12.50855833,264.5183105
12.51189222,264.6273193
12.51522611,264.7679749
12.51856,264.8853149
12.52189361,264.9710388
12.5252275,265.0911865
12.52856139,265.2467651
12.53189528,265.3408508
12.53522917,265.4656677
12.53856278,265.588623
12.54189667,265.6911011
12.54523056,265.8010254
12.54856444,265.9090881
12.55189806,266.0301819
12.55523194,266.1624451
12.55856583,266.2826233
12.56189972,266.3850708
12.56523361,266.4847412
12.56856722,266.5974731
12.57190111,266.734375
12.575235,266.8405762
12.57856889,266.9542236
12.58190278,267.115387
12.58523639,267.2271729
12.58857028,267.3314819
12.59190417,267.4684143
12.59523806,267.5839233
12.59857194,267.7087708
12.60190556,267.8214722
12.60523944,267.9267273
12.60857333,268.0534363
12.61190722,268.1922302
12.61524083,268.2993469
12.61857472,268.4176331
12.62190861,268.5182495
12.6252425,268.6747437
12.62857639,268.7269287
12.63191,268.8638611
12.63524389,269.0324402
12.63857778,269.1013794
12.64191167,269.205719
12.64524556,269.3016663
12.64857917,269.4497681
12.65191306,269.5568848
12.65524694,269.6752014
12.65858083,269.7720642
12.66191472,269.920166
12.66524833,270.020813
12.66858222,270.199646
12.67191611,270.2695007
12.67525,270.3645325
12.67858389,270.5070496
12.6819175,270.5489502
12.68525139,270.6933289
12.68858528,270.8172302
12.69191917,270.9169312
12.69525278,270.990509
12.69858667,271.1106873
12.70192056,271.2755432
12.70525444,271.3537903
12.70858833,271.4460144
12.71192194,271.5661621
12.71525583,271.6872864
12.71858972,271.804657
12.72192361,271.9434509
12.7252575,272.0151672
12.72859111,272.1530151
12.731925,272.237793
12.73525889,272.3607483
12.73859278,272.4743958
12.74192667,272.5778198
12.74526028,272.7258911
12.74859417,272.8451538
12.75192806,272.9308777
12.75526194,273.015625
12.75859556,273.1031799
12.76192944,273.2755127
12.76526333,273.3193054
12.76859722,273.4459839
12.77193111,273.5400696
12.77526472,273.6918945
12.77859861,273.7729492
12.7819325,273.8865662
12.78526639,273.9955444
12.78860028,274.1324768
12.79193389,274.2145081
12.79526778,274.3225403
12.79860167,274.4445496
12.80193556,274.5284119
12.80526944,274.6951294
12.80860306,274.8097229
12.81193694,274.94104
12.81527083,275.0519409
12.81860472,275.1404114
12.82193861,275.2298584
12.82527222,275.3760986
12.82860611,275.539093
12.83194,275.6071167
12.83527389,275.7309875
12.83860778,275.8418274
12.84194139,275.946167
12.84527528,276.0635376
12.84860917,276.1548157
12.85194306,276.2973633
12.85527694,276.4249573
12.85861056,276.5339661
12.86194444,276.6280518
12.86527833,276.8208618
12.86861222,276.9354248
12.87194611,276.977356
12.87527972,277.0965881
12.87861361,277.2363281
12.8819475,277.3816528
12.88528139,277.4785156
12.888615,277.5362854
12.89194889,277.6433716
12.89528278,277.7654114
12.89861667,277.9079285
12.90195056,277.9172363
12.90528417,278.0653687
12.90861806,278.2060242
12.91195194,278.2852173
12.91528583,278.442627
12.91861972,278.5227356
12.92195333,278.6261292
12.92528722,278.7472534
12.92862111,278.8301697
12.931955,278.9494019
12.93528889,279.067688
12.9386225,279.1738586
12.94195639,279.2753906
12.94529028,279.3918457
12.94862417,279.4831543
12.95195806,279.6266174
12.95529167,279.6769104
12.95862556,279.7989197
12.96195944,279.9209595
12.96529333,280.0625305
12.96862722,280.1305542
12.97196083,280.2712097
12.97529472,280.4016113
12.97862861,280.4817505
12.9819625,280.6363831
12.98529639,280.7332153
12.98863,280.8031006
12.99196389,280.9456177
12.99529778,281.0285339
12.99863167,281.1449585
13.00196556,281.2344055
13.00529917,281.3545837
13.00863306,281.4458618
13.01196694,281.5725403
13.01530083,281.6945496
13.01863472,281.7830811
13.02196833,281.8575745
13.02530222,281.9470215
13.02863611,282.1072388
13.03197,282.1873169
13.03530361,282.2851563
13.0386375,282.4155579
13.04197139,282.5422668
13.04530528,282.6316833
13.04863917,282.8067627
13.05197278,282.8850403
13.05530667,282.9856567
13.05864056,283.0955505
13.06197444,283.1691589
13.06530833,283.2949219
13.06864194,283.4328003
13.07197583,283.5575867
13.07530972,283.6405029
13.07864361,283.7345886
13.0819775,283.8407898
13.08531111,283.9534912
13.088645,284.0829468
13.09197889,284.1714783
13.09531278,284.3084106
13.09864667,284.4062195
13.10198028,284.5189209
13.10531417,284.7145386
13.10864806,284.7620544
13.11198194,284.8598328
13.11531583,284.9734802
13.11864944,285.0843506
13.12198333,285.247345
13.12531722,285.2939758
13.12865111,285.4578857
13.131985,285.5091248
13.13531861,285.5883179
13.1386525,285.7475891
13.14198639,285.8342285
13.14532028,285.9571838
13.14865417,286.0671082
13.15198778,286.1574707
13.15532167,286.2478333
13.15865556,286.3381653
13.16198944,286.4527588
13.16532333,286.5747681
13.16865694,286.6455994
13.17199083,286.7396545
13.17532472,286.8933716
13.17865861,287.0172729
13.1819925,287.0824585
13.18532611,287.2119446
13.18866,287.2566528
13.19199389,287.3712463
13.19532778,287.5100403
13.19866167,287.6404419
13.20199528,287.6981812
13.20532917,287.8556213
13.20866306,287.9105835
13.21199694,288.0577698
13.21533083,288.1183167
13.21866444,288.2394104
13.22199833,288.3344116
13.22533222,288.4741516
13.22866611,288.54776
13.232,288.6557922
13.23533361,288.7200623
13.2386675,288.8858643
13.24200139,288.9706421
13.24533528,289.0488892
13.24866917,289.1988525
13.25200278,289.2557068
13.25533667,289.3609619
13.25867056,289.4718018
13.26200444,289.5342102
13.26533833,289.6739502
13.26867194,289.79599
13.27200583,289.9012146
13.27533972,289.9627075
13.27867361,290.0614319
13.2820075,290.2077026
13.28534111,290.2729187
13.288675,290.3781738
13.29200889,290.510437
13.29534278,290.547699
13.29867667,290.6697388
13.30201028,290.8345947
13.30534417,290.8942261
13.30867806,291.0321045
13.31201194,291.1457214
13.31534583,291.2445068
13.31867972,291.3748779
13.32201333,291.4596863
13.32534722,291.5854187
13.32868111,291.656189
13.332015,291.7893982
13.33534889,291.9161072
13.3386825,292.0418701
13.34201639,292.1135864
13.34535028,292.2756653
13.34868417,292.3352966
13.35201806,292.4526367
13.35535167,292.5337219
13.35868556,292.6836853
13.36201944,292.7843018
13.36535333,292.8951111
13.36868722,292.9826965
13.37202083,293.0693054
13.37535472,293.1885376
13.37868861,293.2481689
13.3820225,293.3385315
13.38535639,293.4400635
13.38869,293.5509338
13.39202389,293.6524658
13.39535778,293.7297668
13.39869167,293.8638916
13.40202556,293.9440308
13.40535917,294.0558167
13.40869306,294.153595
13.41202694,294.2905273
13.41536083,294.3650818
13.41869472,294.473114
13.42202833,294.6333313
13.42536222,294.7097473
13.42869611,294.8243103
13.43203,294.8951111
13.43536389,294.9947815
13.4386975,295.1018677
13.44203139,295.236969
13.44536528,295.3161621
13.44869917,295.45401
13.45203306,295.5164185
13.45536667,295.5965271
13.45870056,295.6990051
13.46203444,295.7763062
13.46536833,295.9272156
13.46870222,295.9887085
13.47203583,296.0492249
13.47536972,296.206665
13.47870361,296.2672424
13.4820375,296.3482666
13.48537139,296.4516602
13.488705,296.5653076
13.49203889,296.6920166
13.49537278,296.8186951
13.49870667,296.9211426
13.50204056,297.0012512
13.50537444,297.0990601
13.50870806,297.1987305
13.51204194,297.3310242
13.51537583,297.391571
13.51870972,297.5191956
13.52204361,297.5685425
13.52537722,297.7110901
13.52871111,297.8191223
13.532045,297.9448853
13.53537889,298.0408325
13.53871278,298.1386414
13.54204639,298.2234192
13.54538028,298.370575
13.54871417,298.3966675
13.55204806,298.6202393
13.55538194,298.7208557
13.55871556,298.7627563
13.56204944,298.881073
13.56538333,298.9918823
13.56871722,299.1148987
13.57205111,299.1893921
13.575385,299.3086243
13.57871861,299.4082947
13.5820525,299.4818726
13.58538639,299.6048279
13.58872028,299.6700439
13.59205417,299.7911377
13.59538778,299.9271545
13.59872167,300.0510559
